pair,method,relation_dim,threshold_quantile,threshold,train_score_mean,known_score_mean,unknown_score_mean,known_unknown_mean_gap,known_score_p95,unknown_score_p50,auc,accuracy,precision,recall,f1,tp,tn,fp,fn
iq:ap,relation_zdist,33,0.9,2.130124398019035,1.0,1.0635397513421319,1.2540878938768913,0.1905481425347595,4.491770889336824,0.21568786845290955,0.46335375,0.23333333333333334,0.8125,0.104,0.18439716312056736,208,352,48,1792
iq:ap,relation_zdist,33,0.95,4.106689245609339,1.0,1.0635397513421319,1.2540878938768913,0.1905481425347595,4.491770889336824,0.21568786845290955,0.46335375,0.20166666666666666,0.8181818181818182,0.054,0.10131332082551595,108,376,24,1892
iq:ap,relation_zdist,33,0.97,5.932951303866707,1.0,1.0635397513421319,1.2540878938768913,0.1905481425347595,4.491770889336824,0.21568786845290955,0.46335375,0.18833333333333332,0.8611111111111112,0.031,0.05984555984555984,62,390,10,1938
iq:ap,relation_pca_residual,33,0.9,0.30615907045470514,0.14529838477092274,0.20850888318753996,0.25379315059803786,0.0452842674104979,0.752277073962123,0.06207925295981204,0.49486,0.24916666666666668,0.8173076923076923,0.1275,0.22058823529411767,255,343,57,1745
iq:ap,relation_pca_residual,33,0.95,0.6189853363617297,0.14529838477092274,0.20850888318753996,0.25379315059803786,0.0452842674104979,0.752277073962123,0.06207925295981204,0.49486,0.20208333333333334,0.7972027972027972,0.057,0.10639290713952403,114,371,29,1886
iq:ap,relation_pca_residual,33,0.97,0.8432943855439698,0.14529838477092274,0.20850888318753996,0.25379315059803786,0.0452842674104979,0.752277073962123,0.06207925295981204,0.49486,0.1925,0.8229166666666666,0.0395,0.07538167938931298,79,383,17,1921
iq:ap,relation_shrinkage_mahalanobis,33,0.9,68.72912858904172,28.833763550952554,35.57521933643714,43.970276345811655,8.395057009374518,147.9969601440625,8.662561997783168,0.4830775,0.23708333333333334,0.8188679245283019,0.1085,0.19161147902869757,217,352,48,1783
iq:ap,relation_shrinkage_mahalanobis,33,0.95,117.09242606054273,28.833763550952554,35.57521933643714,43.970276345811655,8.395057009374518,147.9969601440625,8.662561997783168,0.4830775,0.20541666666666666,0.8120805369127517,0.0605,0.1126105165193113,121,372,28,1879
iq:ap,relation_shrinkage_mahalanobis,33,0.97,180.3572696760587,28.833763550952554,35.57521933643714,43.970276345811655,8.395057009374518,147.9969601440625,8.662561997783168,0.4830775,0.1875,0.8125,0.0325,0.0625,65,385,15,1935
iq:fft,relation_zdist,33,0.9,2.379679635335007,1.0,1.243674304293429,1.0781567205139937,-0.16551758377943537,4.416660808040841,0.30983028549701197,0.47574125,0.23208333333333334,0.8369098712446352,0.0975,0.1746529332736229,195,362,38,1805
iq:fft,relation_zdist,33,0.95,3.9178486152396,1.0,1.243674304293429,1.0781567205139937,-0.16551758377943537,4.416660808040841,0.30983028549701197,0.47574125,0.20291666666666666,0.8222222222222222,0.0555,0.10398126463700234,111,376,24,1889
iq:fft,relation_zdist,33,0.97,5.482439419300427,1.0,1.243674304293429,1.0781567205139937,-0.16551758377943537,4.416660808040841,0.30983028549701197,0.47574125,0.18916666666666668,0.8214285714285714,0.0345,0.06621880998080615,69,385,15,1931
iq:fft,relation_pca_residual,33,0.9,0.39545442255198354,0.18207612863787864,0.3185282152585433,0.24645365511356773,-0.07207456014497557,0.7790329446258927,0.08334021740358655,0.48933875,0.23708333333333334,0.8262548262548263,0.107,0.18946436476316955,214,355,45,1786
iq:fft,relation_pca_residual,33,0.95,0.7317967080403935,0.18207612863787864,0.3185282152585433,0.24645365511356773,-0.07207456014497557,0.7790329446258927,0.08334021740358655,0.48933875,0.20375,0.8345864661654135,0.0555,0.10407876230661042,111,378,22,1889
iq:fft,relation_pca_residual,33,0.97,0.9600496904627724,0.18207612863787864,0.3185282152585433,0.24645365511356773,-0.07207456014497557,0.7790329446258927,0.08334021740358655,0.48933875,0.18958333333333333,0.8021978021978022,0.0365,0.06982305117168819,73,382,18,1927
iq:fft,relation_shrinkage_mahalanobis,33,0.9,75.2717905798353,29.786310356719415,43.27901752996659,36.20732817138866,-7.0716893585779275,133.22926998776768,11.021435432668074,0.4845475,0.23333333333333334,0.8333333333333334,0.1,0.17857142857142858,200,360,40,1800
iq:fft,relation_shrinkage_mahalanobis,33,0.95,124.06520005254767,29.786310356719415,43.27901752996659,36.20732817138866,-7.0716893585779275,133.22926998776768,11.021435432668074,0.4845475,0.2025,0.8307692307692308,0.054,0.10140845070422536,108,378,22,1892
iq:fft,relation_shrinkage_mahalanobis,33,0.97,165.63451854687744,29.786310356719415,43.27901752996659,36.20732817138866,-7.0716893585779275,133.22926998776768,11.021435432668074,0.4845475,0.19166666666666668,0.8260869565217391,0.038,0.07265774378585087,76,384,16,1924
iq:stft,relation_zdist,33,0.9,1.8826568895077356,0.9999999999999997,1.1619993753442068,0.9653667914129063,-0.19663258393130056,3.7686594463707395,0.4573569527329381,0.4711725,0.22416666666666665,0.8,0.092,0.16502242152466368,184,354,46,1816
iq:stft,relation_zdist,33,0.95,3.213046393758646,0.9999999999999997,1.1619993753442068,0.9653667914129063,-0.19663258393130056,3.7686594463707395,0.4573569527329381,0.4711725,0.19291666666666665,0.7647058823529411,0.0455,0.08588957055214724,91,372,28,1909
iq:stft,relation_zdist,33,0.97,4.179149211069135,0.9999999999999997,1.1619993753442068,0.9653667914129063,-0.19663258393130056,3.7686594463707395,0.4573569527329381,0.4711725,0.18583333333333332,0.7875,0.0315,0.06057692307692308,63,383,17,1937
iq:stft,relation_pca_residual,33,0.9,0.47720453450188627,0.2688825065148554,0.39440843740467,0.3237604488756278,-0.0706479885290422,1.045650359734529,0.16499139075381425,0.4824575,0.22791666666666666,0.7975708502024291,0.0985,0.17534490431686695,197,350,50,1803
iq:stft,relation_pca_residual,33,0.95,0.7754129958909272,0.2688825065148554,0.39440843740467,0.3237604488756278,-0.0706479885290422,1.045650359734529,0.16499139075381425,0.4824575,0.19875,0.7984496124031008,0.0515,0.0967590418036637,103,374,26,1897
iq:stft,relation_pca_residual,33,0.97,1.0119307173435763,0.2688825065148554,0.39440843740467,0.3237604488756278,-0.0706479885290422,1.045650359734529,0.16499139075381425,0.4824575,0.18541666666666667,0.7472527472527473,0.034,0.06504065040650407,68,377,23,1932
iq:stft,relation_shrinkage_mahalanobis,33,0.9,61.99539276017225,31.49152763535981,38.75839261763611,32.760655236573285,-5.9977373810628265,121.14308289762099,16.241707520479515,0.47936125,0.21625,0.7819905213270142,0.0825,0.1492537313432836,165,354,46,1835
iq:stft,relation_shrinkage_mahalanobis,33,0.95,99.32259412144003,31.49152763535981,38.75839261763611,32.760655236573285,-5.9977373810628265,121.14308289762099,16.241707520479515,0.47936125,0.19375,0.782608695652174,0.045,0.08510638297872339,90,375,25,1910
iq:stft,relation_shrinkage_mahalanobis,33,0.97,121.97571586828998,31.49152763535981,38.75839261763611,32.760655236573285,-5.9977373810628265,121.14308289762099,16.241707520479515,0.47936125,0.18875,0.7912087912087912,0.036,0.06886657101865136,72,381,19,1928
iq:cepstral,relation_zdist,33,0.9,2.1254247967228626,1.0,1.2413557850032086,1.010629477203574,-0.23072630779963466,3.4995647912846857,0.31273027134073544,0.4692325,0.22833333333333333,0.8109243697478992,0.0965,0.17247542448614836,193,355,45,1807
iq:cepstral,relation_zdist,33,0.95,3.563103865117415,1.0,1.2413557850032086,1.010629477203574,-0.23072630779963466,3.4995647912846857,0.31273027134073544,0.4692325,0.19916666666666666,0.8305084745762712,0.049,0.09254013220018885,98,380,20,1902
iq:cepstral,relation_zdist,33,0.97,4.522341100017556,1.0,1.2413557850032086,1.010629477203574,-0.23072630779963466,3.4995647912846857,0.31273027134073544,0.4692325,0.19166666666666668,0.8658536585365854,0.0355,0.06820365033621517,71,389,11,1929
iq:cepstral,relation_pca_residual,33,0.9,0.4265153371270012,0.20043309251816083,0.4811597493475983,0.29414212449837296,-0.18701762484922535,1.0669022613042003,0.09588976100164892,0.47367,0.2375,0.7891156462585034,0.116,0.20226678291194422,232,338,62,1768
iq:cepstral,relation_pca_residual,33,0.95,0.6968600475599666,0.20043309251816083,0.4811597493475983,0.29414212449837296,-0.18701762484922535,1.0669022613042003,0.09588976100164892,0.47367,0.20541666666666666,0.7852760736196319,0.064,0.11835413777161351,128,365,35,1872
iq:cepstral,relation_pca_residual,33,0.97,0.9350360409002083,0.20043309251816083,0.4811597493475983,0.29414212449837296,-0.18701762484922535,1.0669022613042003,0.09588976100164892,0.47367,0.19416666666666665,0.7946428571428571,0.0445,0.08428030303030302,89,377,23,1911
iq:cepstral,relation_shrinkage_mahalanobis,33,0.9,66.89490761068028,30.275924250769695,50.85929190904784,36.83467083654819,-14.024621072499649,113.68911326295148,11.550007910697062,0.4737625,0.23541666666666666,0.8066914498141264,0.1085,0.19127368884971355,217,348,52,1783
iq:cepstral,relation_shrinkage_mahalanobis,33,0.95,108.9226418799576,30.275924250769695,50.85929190904784,36.83467083654819,-14.024621072499649,113.68911326295148,11.550007910697062,0.4737625,0.20375,0.8248175182481752,0.0565,0.10575573233504915,113,376,24,1887
iq:cepstral,relation_shrinkage_mahalanobis,33,0.97,145.92810414039465,30.275924250769695,50.85929190904784,36.83467083654819,-14.024621072499649,113.68911326295148,11.550007910697062,0.4737625,0.19041666666666668,0.8202247191011236,0.0365,0.06988989947343227,73,384,16,1927
iq:cyclo,relation_zdist,33,0.9,1.884456880611875,1.0000000000000002,1.3631487337443453,1.1710985343366118,-0.1920501994077335,3.8832592950211744,0.3070869392453165,0.47402125,0.24125,0.8254545454545454,0.1135,0.19956043956043956,227,352,48,1773
iq:cyclo,relation_zdist,33,0.95,3.5616237402335047,1.0000000000000002,1.3631487337443453,1.1710985343366118,-0.1920501994077335,3.8832592950211744,0.3070869392453165,0.47402125,0.2,0.8125,0.052,0.09774436090225562,104,376,24,1896
iq:cyclo,relation_zdist,33,0.97,5.54886668819366,1.0000000000000002,1.3631487337443453,1.1710985343366118,-0.1920501994077335,3.8832592950211744,0.3070869392453165,0.47402125,0.18166666666666667,0.7571428571428571,0.0265,0.05120772946859903,53,383,17,1947
iq:cyclo,relation_pca_residual,33,0.9,0.3530742179908471,0.17023886184161674,0.3294219918449653,0.2905394328447379,-0.03888255900022741,0.8082002862607042,0.08626747389494208,0.50044375,0.2520833333333333,0.8338762214983714,0.128,0.22193324664065886,256,349,51,1744
iq:cyclo,relation_pca_residual,33,0.95,0.6212120323766998,0.17023886184161674,0.3294219918449653,0.2905394328447379,-0.03888255900022741,0.8082002862607042,0.08626747389494208,0.50044375,0.20833333333333334,0.8164556962025317,0.0645,0.11955514365152921,129,371,29,1871
iq:cyclo,relation_pca_residual,33,0.97,0.8118056164322832,0.17023886184161674,0.3294219918449653,0.2905394328447379,-0.03888255900022741,0.8082002862607042,0.08626747389494208,0.50044375,0.19458333333333333,0.8130841121495327,0.0435,0.08258186995728524,87,380,20,1913
iq:cyclo,relation_shrinkage_mahalanobis,33,0.9,62.234535446873814,29.69615662824236,48.1408596259667,41.50085905877374,-6.640000567192956,125.8191187327053,11.025648892253152,0.48955625,0.24375,0.8315412186379928,0.116,0.20359806932865293,232,353,47,1768
iq:cyclo,relation_shrinkage_mahalanobis,33,0.95,104.67712891863482,29.69615662824236,48.1408596259667,41.50085905877374,-6.640000567192956,125.8191187327053,11.025648892253152,0.48955625,0.20291666666666666,0.8085106382978723,0.057,0.10649229332087809,114,373,27,1886
iq:cyclo,relation_shrinkage_mahalanobis,33,0.97,153.32066322498673,29.69615662824236,48.1408596259667,41.50085905877374,-6.640000567192956,125.8191187327053,11.025648892253152,0.48955625,0.1875,0.7906976744186046,0.034,0.06519654841802493,68,382,18,1932
iq:hos,relation_zdist,33,0.9,1.3570076176361232,1.0000000000000002,3.877776019913869,1.9868258180253422,-1.890950201888527,2.7925688112287013,0.2098627553394365,0.4852925,0.23583333333333334,0.8120300751879699,0.108,0.19064430714916153,216,350,50,1784
iq:hos,relation_zdist,33,0.95,2.6302934789724146,1.0000000000000002,3.877776019913869,1.9868258180253422,-1.890950201888527,2.7925688112287013,0.2098627553394365,0.4852925,0.20416666666666666,0.835820895522388,0.056,0.1049671977507029,112,378,22,1888
iq:hos,relation_zdist,33,0.97,3.8858216027017867,1.0000000000000002,3.877776019913869,1.9868258180253422,-1.890950201888527,2.7925688112287013,0.2098627553394365,0.4852925,0.18541666666666667,0.835820895522388,0.028,0.05418480890179003,56,389,11,1944
iq:hos,relation_pca_residual,33,0.9,0.27122230606755776,0.1280557782488757,1.9427785372926187,0.4503295371657713,-1.4924490001268476,0.62946754195723,0.0431019045570217,0.50307625,0.23916666666666667,0.8020833333333334,0.1155,0.20192307692307693,231,343,57,1769
iq:hos,relation_pca_residual,33,0.95,0.5235201350132112,0.1280557782488757,1.9427785372926187,0.4503295371657713,-1.4924490001268476,0.62946754195723,0.0431019045570217,0.50307625,0.20041666666666666,0.8091603053435115,0.053,0.09948381041764429,106,375,25,1894
iq:hos,relation_pca_residual,33,0.97,0.7319963229629536,0.1280557782488757,1.9427785372926187,0.4503295371657713,-1.4924490001268476,0.62946754195723,0.0431019045570217,0.50307625,0.19083333333333333,0.8222222222222222,0.037,0.07081339712918659,74,384,16,1926
iq:hos,relation_shrinkage_mahalanobis,33,0.9,55.77369906562888,28.3404572981199,226.79221277858585,79.31794767771183,-147.47426510087402,99.89457274366538,8.453661344045026,0.49617,0.2375,0.8171641791044776,0.1095,0.1931216931216931,219,351,49,1781
iq:hos,relation_shrinkage_mahalanobis,33,0.95,98.57860719947003,28.3404572981199,226.79221277858585,79.31794767771183,-147.47426510087402,99.89457274366538,8.453661344045026,0.49617,0.20583333333333334,0.8455882352941176,0.0575,0.10767790262172285,115,379,21,1885
iq:hos,relation_shrinkage_mahalanobis,33,0.97,140.49170224877838,28.3404572981199,226.79221277858585,79.31794767771183,-147.47426510087402,99.89457274366538,8.453661344045026,0.49617,0.18625,0.8051948051948052,0.031,0.05970149253731343,62,385,15,1938
iq:bispectrum,relation_zdist,33,0.9,1.9891274784653472,1.0,1.2279161401967886,1.2962246481069792,0.06830850791019061,3.5153817280436503,0.4601750128340426,0.4943575,0.24125,0.8302583025830258,0.1125,0.19815059445178335,225,354,46,1775
iq:bispectrum,relation_zdist,33,0.95,3.1298265818270377,1.0,1.2279161401967886,1.2962246481069792,0.06830850791019061,3.5153817280436503,0.4601750128340426,0.4943575,0.20583333333333334,0.8455882352941176,0.0575,0.10767790262172285,115,379,21,1885
iq:bispectrum,relation_zdist,33,0.97,4.194992285257143,1.0,1.2279161401967886,1.2962246481069792,0.06830850791019061,3.5153817280436503,0.4601750128340426,0.4943575,0.19083333333333333,0.8295454545454546,0.0365,0.06992337164750959,73,385,15,1927
iq:bispectrum,relation_pca_residual,33,0.9,0.4434541972031054,0.25984281168438245,0.4473879798668502,0.4528673116420486,0.005479331775198382,0.9564105770072365,0.17693831358076606,0.5095025,0.25958333333333333,0.8430769230769231,0.137,0.23569892473118279,274,349,51,1726
iq:bispectrum,relation_pca_residual,33,0.95,0.7273210395888878,0.25984281168438245,0.4473879798668502,0.4528673116420486,0.005479331775198382,0.9564105770072365,0.17693831358076606,0.5095025,0.20666666666666667,0.8243243243243243,0.061,0.11359404096834265,122,374,26,1878
iq:bispectrum,relation_pca_residual,33,0.97,0.9065055520334837,0.25984281168438245,0.4473879798668502,0.4528673116420486,0.005479331775198382,0.9564105770072365,0.17693831358076606,0.5095025,0.19708333333333333,0.8173913043478261,0.047,0.08888888888888888,94,379,21,1906
iq:bispectrum,relation_shrinkage_mahalanobis,33,0.9,59.3922761624666,31.52250399008697,43.76451376941761,45.81100610235265,2.0464923329350384,114.8436898899762,17.40802724895139,0.4985425,0.24958333333333332,0.8372881355932204,0.1235,0.21525054466230936,247,352,48,1753
iq:bispectrum,relation_shrinkage_mahalanobis,33,0.95,92.81311423103851,31.52250399008697,43.76451376941761,45.81100610235265,2.0464923329350384,114.8436898899762,17.40802724895139,0.4985425,0.2075,0.8356164383561644,0.061,0.1136999068033551,122,376,24,1878
iq:bispectrum,relation_shrinkage_mahalanobis,33,0.97,124.94314469834953,31.52250399008697,43.76451376941761,45.81100610235265,2.0464923329350384,114.8436898899762,17.40802724895139,0.4985425,0.19291666666666665,0.8118811881188119,0.041,0.0780580675868634,82,381,19,1918
ap:fft,relation_zdist,33,0.9,2.114520031301913,1.0,1.0371255692317738,1.109375796690641,0.07225022745886722,4.15060888157921,0.48270606988912534,0.52199375,0.24541666666666667,0.8225255972696246,0.1205,0.2102049716528565,241,348,52,1759
ap:fft,relation_zdist,33,0.95,3.7898314459151266,1.0,1.0371255692317738,1.109375796690641,0.07225022745886722,4.15060888157921,0.48270606988912534,0.52199375,0.205,0.8382352941176471,0.057,0.10674157303370786,114,378,22,1886
ap:fft,relation_zdist,33,0.97,5.091400727676678,1.0,1.0371255692317738,1.109375796690641,0.07225022745886722,4.15060888157921,0.48270606988912534,0.52199375,0.19208333333333333,0.8426966292134831,0.0375,0.07180469123982766,75,386,14,1925
ap:fft,relation_pca_residual,33,0.9,0.37295354145209697,0.17525974537110123,0.20926107210297445,0.21937102436104067,0.010109952258066213,0.7047501437386224,0.10114288516970635,0.49510125,0.25333333333333335,0.8229813664596274,0.1325,0.22825150732127478,265,343,57,1735
ap:fft,relation_pca_residual,33,0.95,0.6032335519180534,0.17525974537110123,0.20926107210297445,0.21937102436104067,0.010109952258066213,0.7047501437386224,0.10114288516970635,0.49510125,0.22041666666666668,0.8449197860962567,0.079,0.1444901691815272,158,371,29,1842
ap:fft,relation_pca_residual,33,0.97,0.7976504473667376,0.17525974537110123,0.20926107210297445,0.21937102436104067,0.010109952258066213,0.7047501437386224,0.10114288516970635,0.49510125,0.20208333333333334,0.8571428571428571,0.051,0.09627182633317602,102,383,17,1898
ap:fft,relation_shrinkage_mahalanobis,33,0.9,64.88656589292235,29.762823338255494,32.68968878099183,34.964632601665826,2.2749438206739967,121.024633848775,16.612429457905726,0.51597,0.2475,0.819078947368421,0.1245,0.21614583333333331,249,345,55,1751
ap:fft,relation_shrinkage_mahalanobis,33,0.95,108.2881697119745,29.762823338255494,32.68968878099183,34.964632601665826,2.2749438206739967,121.024633848775,16.612429457905726,0.51597,0.21041666666666667,0.847682119205298,0.064,0.1190144119014412,128,377,23,1872
ap:fft,relation_shrinkage_mahalanobis,33,0.97,139.80667935286218,29.762823338255494,32.68968878099183,34.964632601665826,2.2749438206739967,121.024633848775,16.612429457905726,0.51597,0.19375,0.8421052631578947,0.04,0.07637231503579953,80,385,15,1920
ap:stft,relation_zdist,33,0.9,2.004137160237371,1.0,1.0741670337067262,0.980225994894666,-0.09394103881206017,3.4682580493104873,0.6531956828050902,0.503635,0.22041666666666668,0.7866666666666666,0.0885,0.1591011235955056,177,352,48,1823
ap:stft,relation_zdist,33,0.95,2.7939325638046406,1.0,1.0741670337067262,0.980225994894666,-0.09394103881206017,3.4682580493104873,0.6531956828050902,0.503635,0.19416666666666665,0.7704918032786885,0.047,0.0885956644674835,94,372,28,1906
ap:stft,relation_zdist,33,0.97,3.7388360029562375,1.0,1.0741670337067262,0.980225994894666,-0.09394103881206017,3.4682580493104873,0.6531956828050902,0.503635,0.18041666666666667,0.7391304347826086,0.0255,0.04929917834702755,51,382,18,1949
ap:stft,relation_pca_residual,33,0.9,0.5126343577624648,0.2644844395373661,0.2962664369879389,0.2823720328039268,-0.01389440418401211,0.7342897638327869,0.18784477744050374,0.4931175,0.22916666666666666,0.8177966101694916,0.0965,0.17262969588550983,193,357,43,1807
ap:stft,relation_pca_residual,33,0.95,0.7466587471913116,0.2644844395373661,0.2962664369879389,0.2823720328039268,-0.01389440418401211,0.7342897638327869,0.18784477744050374,0.4931175,0.19875,0.8347826086956521,0.048,0.09078014184397162,96,381,19,1904
ap:stft,relation_pca_residual,33,0.97,1.0011029919847598,0.2644844395373661,0.2962664369879389,0.2823720328039268,-0.01389440418401211,0.7342897638327869,0.18784477744050374,0.4931175,0.18458333333333332,0.8028169014084507,0.0285,0.05504587155963303,57,386,14,1943
ap:stft,relation_shrinkage_mahalanobis,33,0.9,59.667573741026736,31.139524540659046,33.9271503652295,31.68190849500772,-2.2452418702217827,106.88673929087896,21.906453350061057,0.5007725,0.225,0.7991452991452992,0.0935,0.1674127126230976,187,353,47,1813
ap:stft,relation_shrinkage_mahalanobis,33,0.95,84.25862186181321,31.139524540659046,33.9271503652295,31.68190849500772,-2.2452418702217827,106.88673929087896,21.906453350061057,0.5007725,0.19708333333333333,0.8016528925619835,0.0485,0.09146628948609146,97,376,24,1903
ap:stft,relation_shrinkage_mahalanobis,33,0.97,101.76639795394249,31.139524540659046,33.9271503652295,31.68190849500772,-2.2452418702217827,106.88673929087896,21.906453350061057,0.5007725,0.18416666666666667,0.75,0.0315,0.06046065259117083,63,379,21,1937
ap:cepstral,relation_zdist,33,0.9,2.0771087939708046,0.9999999999999999,1.1919771657267153,1.0827426581855746,-0.10923450754114072,3.9852581400454015,0.5740440652292382,0.503255,0.24375,0.8032786885245902,0.1225,0.21258134490238612,245,340,60,1755
ap:cepstral,relation_zdist,33,0.95,3.045480833461244,0.9999999999999999,1.1919771657267153,1.0827426581855746,-0.10923450754114072,3.9852581400454015,0.5740440652292382,0.503255,0.21041666666666667,0.8070175438596491,0.069,0.12713035467526487,138,367,33,1862
ap:cepstral,relation_zdist,33,0.97,4.3091452646782065,0.9999999999999999,1.1919771657267153,1.0827426581855746,-0.10923450754114072,3.9852581400454015,0.5740440652292382,0.503255,0.18833333333333332,0.7954545454545454,0.035,0.06704980842911878,70,382,18,1930
ap:cepstral,relation_pca_residual,33,0.9,0.3762124154565698,0.1949988540967017,0.2272499141360897,0.2113712655810565,-0.01587864855503318,0.6552957328916266,0.11931146408117393,0.4880325,0.24291666666666667,0.8,0.122,0.21171366594360086,244,339,61,1756
ap:cepstral,relation_pca_residual,33,0.95,0.5889034159319951,0.1949988540967017,0.2272499141360897,0.2113712655810565,-0.01587864855503318,0.6552957328916266,0.11931146408117393,0.4880325,0.20666666666666667,0.8287671232876712,0.0605,0.11276794035414725,121,375,25,1879
ap:cepstral,relation_pca_residual,33,0.97,0.7692126008296788,0.1949988540967017,0.2272499141360897,0.2113712655810565,-0.01587864855503318,0.6552957328916266,0.11931146408117393,0.4880325,0.19541666666666666,0.8484848484848485,0.042,0.0800381133873273,84,385,15,1916
ap:cepstral,relation_shrinkage_mahalanobis,33,0.9,62.55636213041444,30.319534509586653,36.71272971685856,33.783547436639736,-2.929182280218825,111.33409528794009,19.830079995438105,0.50197625,0.24375,0.8073089700996677,0.1215,0.21121251629726204,243,342,58,1757
ap:cepstral,relation_shrinkage_mahalanobis,33,0.95,90.98416866211082,30.319534509586653,36.71272971685856,33.783547436639736,-2.929182280218825,111.33409528794009,19.830079995438105,0.50197625,0.21208333333333335,0.8224852071005917,0.0695,0.128169663439373,139,370,30,1861
ap:cepstral,relation_shrinkage_mahalanobis,33,0.97,119.22090672720704,30.319534509586653,36.71272971685856,33.783547436639736,-2.929182280218825,111.33409528794009,19.830079995438105,0.50197625,0.19625,0.8380952380952381,0.044,0.08361045130641329,88,383,17,1912
ap:cyclo,relation_zdist,33,0.9,1.951975901184332,0.9999999999999999,1.168528038926014,1.0793231328975932,-0.0892049060284208,5.235422319921625,0.49690887669301365,0.50408625,0.24333333333333335,0.7929936305732485,0.1245,0.21521175453759725,249,335,65,1751
ap:cyclo,relation_zdist,33,0.95,3.289320349727461,0.9999999999999999,1.168528038926014,1.0793231328975932,-0.0892049060284208,5.235422319921625,0.49690887669301365,0.50408625,0.20416666666666666,0.78125,0.0625,0.11574074074074074,125,365,35,1875
ap:cyclo,relation_zdist,33,0.97,5.060497721405742,0.9999999999999999,1.168528038926014,1.0793231328975932,-0.0892049060284208,5.235422319921625,0.49690887669301365,0.50408625,0.1825,0.7317073170731707,0.03,0.05763688760806916,60,378,22,1940
ap:cyclo,relation_pca_residual,33,0.9,0.3388317109809466,0.16772614143602688,0.21745931851174347,0.19015254001221227,-0.027306778499531198,0.8564163037416397,0.10021846347122712,0.49909,0.24458333333333335,0.8148148148148148,0.121,0.21070962124510229,242,345,55,1758
ap:cyclo,relation_pca_residual,33,0.95,0.5410044100628655,0.16772614143602688,0.21745931851174347,0.19015254001221227,-0.027306778499531198,0.8564163037416397,0.10021846347122712,0.49909,0.2075,0.7752808988764045,0.069,0.12672176308539945,138,360,40,1862
ap:cyclo,relation_pca_residual,33,0.97,0.7307946446031979,0.16772614143602688,0.21745931851174347,0.19015254001221227,-0.027306778499531198,0.8564163037416397,0.10021846347122712,0.49909,0.18916666666666668,0.75,0.0405,0.07685009487666034,81,373,27,1919
ap:cyclo,relation_shrinkage_mahalanobis,33,0.9,59.75510429779982,29.586512175886973,35.891638616468136,33.121478741757095,-2.770159874711041,151.89638592738385,17.335888149153185,0.50578,0.24666666666666667,0.8116883116883117,0.125,0.21663778162911612,250,342,58,1750
ap:cyclo,relation_shrinkage_mahalanobis,33,0.95,97.62542911378424,29.586512175886973,35.891638616468136,33.121478741757095,-2.770159874711041,151.89638592738385,17.335888149153185,0.50578,0.20541666666666666,0.7818181818181819,0.0645,0.11916859122401847,129,364,36,1871
ap:cyclo,relation_shrinkage_mahalanobis,33,0.97,132.31433413420447,29.586512175886973,35.891638616468136,33.121478741757095,-2.770159874711041,151.89638592738385,17.335888149153185,0.50578,0.18625,0.7422680412371134,0.036,0.0686695278969957,72,375,25,1928
ap:hos,relation_zdist,33,0.9,1.5475073727751751,1.0000000000000002,1.5810614859483902,1.7471293172929858,0.16606783134459557,3.80362359619684,0.32218315191679264,0.50390375,0.23291666666666666,0.7870036101083032,0.109,0.1914800175669741,218,341,59,1782
ap:hos,relation_zdist,33,0.95,3.0307066364905224,1.0000000000000002,1.5810614859483902,1.7471293172929858,0.16606783134459557,3.80362359619684,0.32218315191679264,0.50390375,0.19625,0.784,0.049,0.09223529411764707,98,373,27,1902
ap:hos,relation_zdist,33,0.97,4.35291906315277,1.0000000000000002,1.5810614859483902,1.7471293172929858,0.16606783134459557,3.80362359619684,0.32218315191679264,0.50390375,0.18125,0.7536231884057971,0.026,0.05026582890285162,52,383,17,1948
ap:hos,relation_pca_residual,33,0.9,0.309006321986419,0.14996093402167193,0.2768432735264083,0.2701026912772545,-0.006740582249153804,0.7793226839217858,0.07674965459646804,0.50643125,0.24083333333333334,0.8068965517241379,0.117,0.20436681222707426,234,344,56,1766
ap:hos,relation_pca_residual,33,0.95,0.5289343169212397,0.14996093402167193,0.2768432735264083,0.2701026912772545,-0.006740582249153804,0.7793226839217858,0.07674965459646804,0.50643125,0.20583333333333334,0.8012820512820513,0.0625,0.11595547309833024,125,369,31,1875
ap:hos,relation_pca_residual,33,0.97,0.7017492820778287,0.14996093402167193,0.2768432735264083,0.2701026912772545,-0.006740582249153804,0.7793226839217858,0.07674965459646804,0.50643125,0.1875,0.7450980392156863,0.038,0.07231208372978117,76,374,26,1924
ap:hos,relation_shrinkage_mahalanobis,33,0.9,58.24247139350701,29.263857714291863,57.438852249402935,58.96855870448389,1.5297064550809552,129.93697916967156,11.96390182491443,0.506235,0.23375,0.7948717948717948,0.1085,0.19093708754949407,217,344,56,1783
ap:hos,relation_shrinkage_mahalanobis,33,0.95,99.67504124672209,29.263857714291863,57.438852249402935,58.96855870448389,1.5297064550809552,129.93697916967156,11.96390182491443,0.506235,0.20041666666666666,0.7913669064748201,0.055,0.10285179990649836,110,371,29,1890
ap:hos,relation_shrinkage_mahalanobis,33,0.97,137.2634012560706,29.263857714291863,57.438852249402935,58.96855870448389,1.5297064550809552,129.93697916967156,11.96390182491443,0.506235,0.18541666666666667,0.7710843373493976,0.032,0.061449831973115696,64,381,19,1936
ap:bispectrum,relation_zdist,33,0.9,2.0687739026245153,1.0,1.0622947992764915,1.0861962291143676,0.02390142983787613,3.373387294189891,0.6666746389452107,0.521535,0.25458333333333333,0.8552188552188552,0.127,0.22115803221593383,254,357,43,1746
ap:bispectrum,relation_zdist,33,0.95,3.0383510598484227,1.0,1.0622947992764915,1.0861962291143676,0.02390142983787613,3.373387294189891,0.6666746389452107,0.521535,0.205,0.8108108108108109,0.06,0.111731843575419,120,372,28,1880
ap:bispectrum,relation_zdist,33,0.97,3.6289492722312704,1.0,1.0622947992764915,1.0861962291143676,0.02390142983787613,3.373387294189891,0.6666746389452107,0.521535,0.19208333333333333,0.8080808080808081,0.04,0.07622677465459743,80,381,19,1920
ap:bispectrum,relation_pca_residual,33,0.9,0.5505372787127567,0.27779885194415704,0.3294928471765197,0.330404183706465,0.0009113365299452947,0.937530532884092,0.21225260585697073,0.5057175,0.26916666666666667,0.8494318181818182,0.1495,0.2542517006802721,299,347,53,1701
ap:bispectrum,relation_pca_residual,33,0.95,0.7674256881917065,0.27779885194415704,0.3294928471765197,0.330404183706465,0.0009113365299452947,0.937530532884092,0.21225260585697073,0.5057175,0.22208333333333333,0.841025641025641,0.082,0.14943052391799547,164,369,31,1836
ap:bispectrum,relation_pca_residual,33,0.97,0.8961829048128723,0.27779885194415704,0.3294928471765197,0.330404183706465,0.0009113365299452947,0.937530532884092,0.21225260585697073,0.5057175,0.20375,0.8296296296296296,0.056,0.10491803278688523,112,377,23,1888
ap:bispectrum,relation_shrinkage_mahalanobis,33,0.9,62.811214857241346,31.656240101052376,34.67550760851935,35.67860259334551,1.0030949848261628,110.18072228812595,23.256460307334148,0.5210125,0.26166666666666666,0.8653846153846154,0.135,0.23356401384083048,270,358,42,1730
ap:bispectrum,relation_shrinkage_mahalanobis,33,0.95,87.8563410445732,31.656240101052376,34.67550760851935,35.67860259334551,1.0030949848261628,110.18072228812595,23.256460307334148,0.5210125,0.21583333333333332,0.8352272727272727,0.0735,0.13511029411764705,147,371,29,1853
ap:bispectrum,relation_shrinkage_mahalanobis,33,0.97,103.3851727063069,31.656240101052376,34.67550760851935,35.67860259334551,1.0030949848261628,110.18072228812595,23.256460307334148,0.5210125,0.2,0.8125,0.052,0.09774436090225562,104,376,24,1896
fft:stft,relation_zdist,33,0.9,1.8757238989149279,1.0000000000000002,1.0235842591471096,0.957129532895397,-0.06645472625171256,3.07384264031335,0.6645925257843106,0.4921625,0.21958333333333332,0.7656903765690377,0.0915,0.16346583296114336,183,344,56,1817
fft:stft,relation_zdist,33,0.95,2.7083398202954587,1.0000000000000002,1.0235842591471096,0.957129532895397,-0.06645472625171256,3.07384264031335,0.6645925257843106,0.4921625,0.18916666666666668,0.7647058823529411,0.039,0.07421503330161751,78,376,24,1922
fft:stft,relation_zdist,33,0.97,3.1837181850983565,1.0000000000000002,1.0235842591471096,0.957129532895397,-0.06645472625171256,3.07384264031335,0.6645925257843106,0.4921625,0.18083333333333335,0.75,0.0255,0.049323017408123795,51,383,17,1949
fft:stft,relation_pca_residual,33,0.9,0.4305874214474502,0.23281615106935394,0.24359191080681503,0.23382528429537097,-0.009766626511444054,0.7269807174140064,0.16099024836954126,0.4815025,0.22666666666666666,0.7903225806451613,0.098,0.17437722419928825,196,348,52,1804
fft:stft,relation_pca_residual,33,0.95,0.6068868359144673,0.23281615106935394,0.24359191080681503,0.23382528429537097,-0.009766626511444054,0.7269807174140064,0.16099024836954126,0.4815025,0.19375,0.7642276422764228,0.047,0.0885539331135186,94,371,29,1906
fft:stft,relation_pca_residual,33,0.97,0.7152122417678364,0.23281615106935394,0.24359191080681503,0.23382528429537097,-0.009766626511444054,0.7269807174140064,0.16099024836954126,0.4815025,0.185,0.7444444444444445,0.0335,0.06411483253588518,67,377,23,1933
fft:stft,relation_shrinkage_mahalanobis,33,0.9,57.4950895213829,31.117207640794355,32.43156279745114,30.872440522305574,-1.559122275145569,93.663584508679,21.525223335820307,0.48964,0.22333333333333333,0.7833333333333333,0.094,0.16785714285714284,188,348,52,1812
fft:stft,relation_shrinkage_mahalanobis,33,0.95,77.58682438273244,31.117207640794355,32.43156279745114,30.872440522305574,-1.559122275145569,93.663584508679,21.525223335820307,0.48964,0.19333333333333333,0.7711864406779662,0.0455,0.08593012275731823,91,373,27,1909
fft:stft,relation_shrinkage_mahalanobis,33,0.97,95.27979234391753,31.117207640794355,32.43156279745114,30.872440522305574,-1.559122275145569,93.663584508679,21.525223335820307,0.48964,0.18416666666666667,0.7560975609756098,0.031,0.0595581171950048,62,380,20,1938
fft:cepstral,relation_zdist,33,0.9,1.9945445327308087,1.0000000000000002,1.038045089844118,1.0251450879246606,-0.012900001919457393,3.324961497984036,0.5748649793827252,0.4925,0.24208333333333334,0.8243727598566308,0.115,0.20184291355857834,230,351,49,1770
fft:cepstral,relation_zdist,33,0.95,2.9382970624838167,1.0000000000000002,1.038045089844118,1.0251450879246606,-0.012900001919457393,3.324961497984036,0.5748649793827252,0.4925,0.20916666666666667,0.8311688311688312,0.064,0.11884865366759516,128,374,26,1872
fft:cepstral,relation_zdist,33,0.97,3.9871547014817157,1.0000000000000002,1.038045089844118,1.0251450879246606,-0.012900001919457393,3.324961497984036,0.5748649793827252,0.4925,0.18958333333333333,0.8313253012048193,0.0345,0.06625060009601537,69,386,14,1931
fft:cepstral,relation_pca_residual,33,0.9,0.37312969104718746,0.18431452130986256,0.19231967992605675,0.19867757568571892,0.006357895759662169,0.5242445045131048,0.12240184791108241,0.4809825,0.25166666666666665,0.8422818791946308,0.1255,0.21845082680591818,251,353,47,1749
fft:cepstral,relation_pca_residual,33,0.95,0.5162227932759013,0.18431452130986256,0.19231967992605675,0.19867757568571892,0.006357895759662169,0.5242445045131048,0.12240184791108241,0.4809825,0.21708333333333332,0.8711656441717791,0.071,0.13129912159038373,142,379,21,1858
fft:cepstral,relation_pca_residual,33,0.97,0.6230713312693221,0.18431452130986256,0.19231967992605675,0.19867757568571892,0.006357895759662169,0.5242445045131048,0.12240184791108241,0.4809825,0.19833333333333333,0.8584905660377359,0.0455,0.08641975308641975,91,385,15,1909
fft:cepstral,relation_shrinkage_mahalanobis,33,0.9,58.94943623010183,30.4307125240345,32.12617871108655,32.26744897445208,0.14127026336552717,92.87562042104877,19.64014230573057,0.48744875,0.2504166666666667,0.8231511254019293,0.128,0.22154911293812202,256,345,55,1744
fft:cepstral,relation_shrinkage_mahalanobis,33,0.95,89.45533999893648,30.4307125240345,32.12617871108655,32.26744897445208,0.14127026336552717,92.87562042104877,19.64014230573057,0.48744875,0.21,0.8513513513513513,0.063,0.11731843575418995,126,378,22,1874
fft:cepstral,relation_shrinkage_mahalanobis,33,0.97,107.34798855358981,30.4307125240345,32.12617871108655,32.26744897445208,0.14127026336552717,92.87562042104877,19.64014230573057,0.48744875,0.19375,0.8217821782178217,0.0415,0.07900999524036174,83,382,18,1917
fft:cyclo,relation_zdist,33,0.9,1.995964027229071,1.0000000000000002,1.106978655609967,1.0826959938064256,-0.02428266180354144,3.7440476302803356,0.596555688894226,0.50805375,0.2425,0.8159722222222222,0.1175,0.20541958041958042,235,347,53,1765
fft:cyclo,relation_zdist,33,0.95,3.3673607021514083,1.0000000000000002,1.106978655609967,1.0826959938064256,-0.02428266180354144,3.7440476302803356,0.596555688894226,0.50805375,0.20833333333333334,0.8289473684210527,0.063,0.1171003717472119,126,374,26,1874
fft:cyclo,relation_zdist,33,0.97,4.593671397509383,1.0000000000000002,1.106978655609967,1.0826959938064256,-0.02428266180354144,3.7440476302803356,0.596555688894226,0.50805375,0.18916666666666668,0.8292682926829268,0.034,0.06532180595581172,68,386,14,1932
fft:cyclo,relation_pca_residual,33,0.9,0.4170721732562298,0.207458374365306,0.23459819294333606,0.23853849179444658,0.003940298851110524,0.7744054878699498,0.1382218128773915,0.5000775,0.24958333333333332,0.8419243986254296,0.1225,0.2138804015713662,245,354,46,1755
fft:cyclo,relation_pca_residual,33,0.95,0.5981571391177155,0.207458374365306,0.23459819294333606,0.23853849179444658,0.003940298851110524,0.7744054878699498,0.1382218128773915,0.5000775,0.2125,0.8273809523809523,0.0695,0.1282287822878229,139,371,29,1861
fft:cyclo,relation_pca_residual,33,0.97,0.7661090894037634,0.207458374365306,0.23459819294333606,0.23853849179444658,0.003940298851110524,0.7744054878699498,0.1382218128773915,0.5000775,0.19583333333333333,0.8070175438596491,0.046,0.08703878902554399,92,378,22,1908
fft:cyclo,relation_shrinkage_mahalanobis,33,0.9,61.607093392965616,30.766720018234153,34.95175218099832,34.357951442465534,-0.593800738532785,121.24716775139566,20.483700367370762,0.50520375,0.24708333333333332,0.8249158249158249,0.1225,0.21332172398781019,245,348,52,1755
fft:cyclo,relation_shrinkage_mahalanobis,33,0.95,91.89687118480543,30.766720018234153,34.95175218099832,34.357951442465534,-0.593800738532785,121.24716775139566,20.483700367370762,0.50520375,0.21375,0.8383233532934131,0.07,0.12921089063221045,140,373,27,1860
fft:cyclo,relation_shrinkage_mahalanobis,33,0.97,122.07213014679456,30.766720018234153,34.95175218099832,34.357951442465534,-0.593800738532785,121.24716775139566,20.483700367370762,0.50520375,0.19291666666666665,0.8058252427184466,0.0415,0.07893485496909178,83,380,20,1917
fft:hos,relation_zdist,33,0.9,1.7307717776969038,0.9999999999999997,1.6743845867425775,1.1782238619633767,-0.4961607247792008,4.061423956614146,0.3514350446964085,0.4946525,0.23208333333333334,0.79182156133829,0.1065,0.18774790656676948,213,344,56,1787
fft:hos,relation_zdist,33,0.95,3.5934201182192074,0.9999999999999997,1.6743845867425775,1.1782238619633767,-0.4961607247792008,4.061423956614146,0.3514350446964085,0.4946525,0.19333333333333333,0.7580645161290323,0.047,0.08851224105461394,94,370,30,1906
fft:hos,relation_zdist,33,0.97,5.244675374604201,0.9999999999999997,1.6743845867425775,1.1782238619633767,-0.4961607247792008,4.061423956614146,0.3514350446964085,0.4946525,0.18291666666666667,0.7910447761194029,0.0265,0.05128205128205129,53,386,14,1947
fft:hos,relation_pca_residual,33,0.9,0.34322121402635586,0.2027684472375304,0.5861935164088089,0.23979108755627698,-0.3464024288525319,0.8686530228190221,0.09496029264540629,0.49143375,0.23708333333333334,0.8164794007490637,0.109,0.19232465813850905,218,351,49,1782
fft:hos,relation_pca_residual,33,0.95,0.5900198010695269,0.2027684472375304,0.5861935164088089,0.23979108755627698,-0.3464024288525319,0.8686530228190221,0.09496029264540629,0.49143375,0.20208333333333334,0.7707006369426752,0.0605,0.11219286045433473,121,364,36,1879
fft:hos,relation_pca_residual,33,0.97,0.9275527531369419,0.2027684472375304,0.5861935164088089,0.23979108755627698,-0.3464024288525319,0.8686530228190221,0.09496029264540629,0.49143375,0.18666666666666668,0.7790697674418605,0.0335,0.06423777564717163,67,381,19,1933
fft:hos,relation_shrinkage_mahalanobis,33,0.9,54.71753680435574,30.472980872970442,68.02414410490461,36.56434678341818,-31.459797321486427,130.93539419425784,13.366042568272142,0.494225,0.23666666666666666,0.8088235294117647,0.11,0.19366197183098594,220,348,52,1780
fft:hos,relation_shrinkage_mahalanobis,33,0.95,101.28740662463956,30.472980872970442,68.02414410490461,36.56434678341818,-31.459797321486427,130.93539419425784,13.366042568272142,0.494225,0.19666666666666666,0.7647058823529411,0.052,0.09737827715355804,104,368,32,1896
fft:hos,relation_shrinkage_mahalanobis,33,0.97,155.0702554771672,30.472980872970442,68.02414410490461,36.56434678341818,-31.459797321486427,130.93539419425784,13.366042568272142,0.494225,0.18583333333333332,0.8108108108108109,0.03,0.05785920925747348,60,386,14,1940
fft:bispectrum,relation_zdist,33,0.9,2.043713523185407,1.0,1.0316026671576504,1.0829182066624523,0.051315539504801944,3.216505052818402,0.6799329947539211,0.52817,0.24375,0.8245614035087719,0.1175,0.20568927789934352,235,350,50,1765
fft:bispectrum,relation_zdist,33,0.95,2.89980018129885,1.0,1.0316026671576504,1.0829182066624523,0.051315539504801944,3.216505052818402,0.6799329947539211,0.52817,0.2075,0.831081081081081,0.0615,0.11452513966480446,123,375,25,1877
fft:bispectrum,relation_zdist,33,0.97,3.5467309140418726,1.0,1.0316026671576504,1.0829182066624523,0.051315539504801944,3.216505052818402,0.6799329947539211,0.52817,0.19458333333333333,0.8602150537634409,0.04,0.07644529383659818,80,387,13,1920
fft:bispectrum,relation_pca_residual,33,0.9,0.4501783491402545,0.23662314273987936,0.26822246579751563,0.27374275388159625,0.005520288084080616,0.7817516570913071,0.1781113517396568,0.52283625,0.26125,0.8309037900874635,0.1425,0.24327784891165172,285,342,58,1715
fft:bispectrum,relation_pca_residual,33,0.95,0.6185320215563623,0.23662314273987936,0.26822246579751563,0.27374275388159625,0.005520288084080616,0.7817516570913071,0.1781113517396568,0.52283625,0.22458333333333333,0.8423645320197044,0.0855,0.1552428506581934,171,368,32,1829
fft:bispectrum,relation_pca_residual,33,0.97,0.8031086578136295,0.23662314273987936,0.26822246579751563,0.27374275388159625,0.005520288084080616,0.7817516570913071,0.1781113517396568,0.52283625,0.19916666666666666,0.8305084745762712,0.049,0.09254013220018885,98,380,20,1902
fft:bispectrum,relation_shrinkage_mahalanobis,33,0.9,60.08302058831787,31.1935408523593,33.086850454601795,34.820999475652144,1.7341490210503494,97.30629604173494,23.56149543595251,0.5300475,0.25833333333333336,0.8374233128834356,0.1365,0.23473774720550303,273,347,53,1727
fft:bispectrum,relation_shrinkage_mahalanobis,33,0.95,85.05613122491536,31.1935408523593,33.086850454601795,34.820999475652144,1.7341490210503494,97.30629604173494,23.56149543595251,0.5300475,0.20916666666666667,0.8227848101265823,0.065,0.12048192771084337,130,372,28,1870
fft:bispectrum,relation_shrinkage_mahalanobis,33,0.97,96.38759512776033,31.1935408523593,33.086850454601795,34.820999475652144,1.7341490210503494,97.30629604173494,23.56149543595251,0.5300475,0.19666666666666666,0.8157894736842105,0.0465,0.0879848628192999,93,379,21,1907
stft:cepstral,relation_zdist,33,0.9,1.92956104963088,0.9999999999999997,1.0571562012278943,0.9509792515040563,-0.10617694972383807,3.1027373597075982,0.6686511968884534,0.47614375,0.21708333333333332,0.784037558685446,0.0835,0.15092634432896523,167,354,46,1833
stft:cepstral,relation_zdist,33,0.95,2.8199275898247547,0.9999999999999997,1.0571562012278943,0.9509792515040563,-0.10617694972383807,3.1027373597075982,0.6686511968884534,0.47614375,0.19041666666666668,0.7766990291262136,0.04,0.07608178792201616,80,377,23,1920
stft:cepstral,relation_zdist,33,0.97,3.4101179701647344,0.9999999999999997,1.0571562012278943,0.9509792515040563,-0.10617694972383807,3.1027373597075982,0.6686511968884534,0.47614375,0.18208333333333335,0.7681159420289855,0.0265,0.05123247945867569,53,384,16,1947
stft:cepstral,relation_pca_residual,33,0.9,0.46980827836852923,0.2550096366270457,0.30018915506704363,0.2674758197271817,-0.032713335339861926,0.7452252954067888,0.19166082184617206,0.47428375,0.2325,0.8015267175572519,0.105,0.1856763925729443,210,348,52,1790
stft:cepstral,relation_pca_residual,33,0.95,0.6385099790935146,0.2550096366270457,0.30018915506704363,0.2674758197271817,-0.032713335339861926,0.7452252954067888,0.19166082184617206,0.47428375,0.2025,0.7945205479452054,0.058,0.1081081081081081,116,370,30,1884
stft:cepstral,relation_pca_residual,33,0.97,0.7944430858464294,0.2550096366270457,0.30018915506704363,0.2674758197271817,-0.032713335339861926,0.7452252954067888,0.19166082184617206,0.47428375,0.18625,0.7764705882352941,0.033,0.06330935251798561,66,381,19,1934
stft:cepstral,relation_shrinkage_mahalanobis,33,0.9,55.885869326046794,31.34909113914245,33.851783131885696,30.981818092908107,-2.8699650389775897,91.11399460326919,22.75934159246954,0.4756775,0.22458333333333333,0.8008658008658008,0.0925,0.16584491259524878,185,354,46,1815
stft:cepstral,relation_shrinkage_mahalanobis,33,0.95,77.628686610331,31.34909113914245,33.851783131885696,30.981818092908107,-2.8699650389775897,91.11399460326919,22.75934159246954,0.4756775,0.19416666666666665,0.775,0.0465,0.08773584905660377,93,373,27,1907
stft:cepstral,relation_shrinkage_mahalanobis,33,0.97,99.22776411077541,31.34909113914245,33.851783131885696,30.981818092908107,-2.8699650389775897,91.11399460326919,22.75934159246954,0.4756775,0.18125,0.7536231884057971,0.026,0.05026582890285162,52,383,17,1948
stft:cyclo,relation_zdist,33,0.9,2.0520781025747747,1.0000000000000002,1.1265340056261468,0.9967771993629849,-0.12975680626316188,3.1784521066055547,0.6411031217366139,0.486335,0.21666666666666667,0.7479338842975206,0.0905,0.16146297948260482,181,339,61,1819
stft:cyclo,relation_zdist,33,0.95,2.8849678618451953,1.0000000000000002,1.1265340056261468,0.9967771993629849,-0.12975680626316188,3.1784521066055547,0.6411031217366139,0.486335,0.19833333333333333,0.7878787878787878,0.052,0.09756097560975609,104,372,28,1896
stft:cyclo,relation_zdist,33,0.97,3.5091568362235575,1.0000000000000002,1.1265340056261468,0.9967771993629849,-0.12975680626316188,3.1784521066055547,0.6411031217366139,0.486335,0.18958333333333333,0.7956989247311828,0.037,0.07071189679885331,74,381,19,1926
stft:cyclo,relation_pca_residual,33,0.9,0.4773622754266231,0.24243523161721076,0.27024475132809894,0.24334557756308134,-0.026899173765017603,0.8016617836893029,0.16524253517446122,0.46583375,0.22291666666666668,0.8054298642533937,0.089,0.16028815848716796,178,357,43,1822
stft:cyclo,relation_pca_residual,33,0.95,0.6778706871049216,0.24243523161721076,0.27024475132809894,0.24334557756308134,-0.026899173765017603,0.8016617836893029,0.16524253517446122,0.46583375,0.19041666666666668,0.7567567567567568,0.042,0.07958313595452393,84,373,27,1916
stft:cyclo,relation_pca_residual,33,0.97,0.8788204568320652,0.24243523161721076,0.27024475132809894,0.24334557756308134,-0.026899173765017603,0.8016617836893029,0.16524253517446122,0.46583375,0.18125,0.7333333333333333,0.0275,0.05301204819277109,55,380,20,1945
stft:cyclo,relation_shrinkage_mahalanobis,33,0.9,62.30557266412475,31.273536072170792,35.1837514848217,31.44802011049593,-3.73573137432577,107.67281885563288,21.295210838369265,0.47738125,0.21833333333333332,0.7767857142857143,0.087,0.1564748201438849,174,350,50,1826
stft:cyclo,relation_shrinkage_mahalanobis,33,0.95,81.7619454540481,31.273536072170792,35.1837514848217,31.44802011049593,-3.73573137432577,107.67281885563288,21.295210838369265,0.47738125,0.19916666666666666,0.7708333333333334,0.0555,0.10354477611940298,111,367,33,1889
stft:cyclo,relation_shrinkage_mahalanobis,33,0.97,105.0580960591599,31.273536072170792,35.1837514848217,31.44802011049593,-3.73573137432577,107.67281885563288,21.295210838369265,0.47738125,0.18791666666666668,0.7684210526315789,0.0365,0.06968973747016706,73,378,22,1927
stft:hos,relation_zdist,33,0.9,1.6276006144220496,0.9999999999999999,1.857526770850316,1.0820335003707744,-0.7754932704795416,3.4048303214089697,0.512992669975842,0.46731625,0.22083333333333333,0.7777777777777778,0.091,0.16293643688451206,182,348,52,1818
stft:hos,relation_zdist,33,0.95,2.493525653430587,0.9999999999999999,1.857526770850316,1.0820335003707744,-0.7754932704795416,3.4048303214089697,0.512992669975842,0.46731625,0.18875,0.7431192660550459,0.0405,0.07681365576102418,81,372,28,1919
stft:hos,relation_zdist,33,0.97,3.0880686855223605,0.9999999999999999,1.857526770850316,1.0820335003707744,-0.7754932704795416,3.4048303214089697,0.512992669975842,0.46731625,0.18166666666666667,0.7195121951219512,0.0295,0.056676272814601344,59,377,23,1941
stft:hos,relation_pca_residual,33,0.9,0.4170987399362155,0.23850519875941564,0.770385026334456,0.2947314730680129,-0.47565355326644315,0.937057435508606,0.1466500170217256,0.47641,0.22791666666666666,0.7859922178988327,0.101,0.1789986708019495,202,345,55,1798
stft:hos,relation_pca_residual,33,0.95,0.6492593935665539,0.23850519875941564,0.770385026334456,0.2947314730680129,-0.47565355326644315,0.937057435508606,0.1466500170217256,0.47641,0.19541666666666666,0.7633587786259542,0.05,0.09385265133740028,100,369,31,1900
stft:hos,relation_pca_residual,33,0.97,0.8446106636553576,0.23850519875941564,0.770385026334456,0.2947314730680129,-0.47565355326644315,0.937057435508606,0.1466500170217256,0.47641,0.18208333333333335,0.7228915662650602,0.03,0.057609217474795964,60,377,23,1940
stft:hos,relation_shrinkage_mahalanobis,33,0.9,53.249631472249305,31.272902808859747,70.589758462803,35.96110772688553,-34.628650735917475,101.85397481646604,18.164078026458,0.4691975,0.22291666666666668,0.7922077922077922,0.0915,0.16405199462124606,183,352,48,1817
stft:hos,relation_shrinkage_mahalanobis,33,0.95,77.21710194320207,31.272902808859747,70.589758462803,35.96110772688553,-34.628650735917475,101.85397481646604,18.164078026458,0.4691975,0.19416666666666665,0.7578125,0.0485,0.09116541353383459,97,369,31,1903
stft:hos,relation_shrinkage_mahalanobis,33,0.97,101.74496773634453,31.272902808859747,70.589758462803,35.96110772688553,-34.628650735917475,101.85397481646604,18.164078026458,0.4691975,0.1825,0.7435897435897436,0.029,0.05582290664100096,58,380,20,1942
stft:bispectrum,relation_zdist,33,0.9,1.886367739131954,1.0,1.05740136633693,0.9936173733935704,-0.06378399294335957,2.7716706981471115,0.7534518568852082,0.4920175,0.22375,0.7890295358649789,0.0935,0.16718819848010727,187,350,50,1813
stft:bispectrum,relation_zdist,33,0.95,2.547634762995872,1.0,1.05740136633693,0.9936173733935704,-0.06378399294335957,2.7716706981471115,0.7534518568852082,0.4920175,0.195,0.8090909090909091,0.0445,0.08436018957345973,89,379,21,1911
stft:bispectrum,relation_zdist,33,0.97,3.116676650261073,1.0,1.05740136633693,0.9936173733935704,-0.06378399294335957,2.7716706981471115,0.7534518568852082,0.4920175,0.18125,0.7611940298507462,0.0255,0.04934687953555878,51,384,16,1949
stft:bispectrum,relation_pca_residual,33,0.9,0.34273991539550924,0.18365883124486446,0.19522192215596093,0.18717813276221912,-0.008043789393741813,0.42670564278693035,0.13788918880693438,0.49494125,0.23625,0.8300395256916996,0.105,0.18641810918774968,210,357,43,1790
stft:bispectrum,relation_pca_residual,33,0.95,0.4743519131042914,0.18365883124486446,0.19522192215596093,0.18717813276221912,-0.008043789393741813,0.42670564278693035,0.13788918880693438,0.49494125,0.20125,0.8429752066115702,0.051,0.09618104667609617,102,381,19,1898
stft:bispectrum,relation_pca_residual,33,0.97,0.5627186995681015,0.18365883124486446,0.19522192215596093,0.18717813276221912,-0.008043789393741813,0.42670564278693035,0.13788918880693438,0.49494125,0.18916666666666668,0.8292682926829268,0.034,0.06532180595581172,68,386,14,1932
stft:bispectrum,relation_shrinkage_mahalanobis,33,0.9,55.3842520181155,30.36404648898572,32.69898579175065,30.90450855361391,-1.7944772381367429,79.24218738480549,24.216452088012225,0.49289375,0.23,0.8220338983050848,0.097,0.1735241502683363,194,358,42,1806
stft:bispectrum,relation_shrinkage_mahalanobis,33,0.95,69.47914793192683,30.36404648898572,32.69898579175065,30.90450855361391,-1.7944772381367429,79.24218738480549,24.216452088012225,0.49289375,0.20583333333333334,0.8263888888888888,0.0595,0.11100746268656715,119,375,25,1881
stft:bispectrum,relation_shrinkage_mahalanobis,33,0.97,83.45687836261301,30.36404648898572,32.69898579175065,30.90450855361391,-1.7944772381367429,79.24218738480549,24.216452088012225,0.49289375,0.1875,0.7840909090909091,0.0345,0.06609195402298851,69,381,19,1931
cepstral:cyclo,relation_zdist,33,0.9,1.8496335124428347,1.0000000000000002,1.0887230158788896,1.0274256615529782,-0.061297354325911435,3.706001558414792,0.521013261919663,0.48880125,0.23833333333333334,0.8071428571428572,0.113,0.19824561403508772,226,346,54,1774
cepstral:cyclo,relation_zdist,33,0.95,2.8488795839930425,1.0000000000000002,1.0887230158788896,1.0274256615529782,-0.061297354325911435,3.706001558414792,0.521013261919663,0.48880125,0.20916666666666667,0.8072289156626506,0.067,0.12373037857802402,134,368,32,1866
cepstral:cyclo,relation_zdist,33,0.97,4.01129010556476,1.0000000000000002,1.0887230158788896,1.0274256615529782,-0.061297354325911435,3.706001558414792,0.521013261919663,0.48880125,0.19125,0.8105263157894737,0.0385,0.07350835322195705,77,382,18,1923
cepstral:cyclo,relation_pca_residual,33,0.9,0.3716775618222994,0.18958210625246216,0.2377288270596235,0.21141516490350376,-0.026313662156119744,0.7906747100868269,0.11420218276722616,0.48154,0.24375,0.8178694158075601,0.119,0.20776953295504147,238,347,53,1762
cepstral:cyclo,relation_pca_residual,33,0.95,0.506703872028394,0.18958210625246216,0.2377288270596235,0.21141516490350376,-0.026313662156119744,0.7906747100868269,0.11420218276722616,0.48154,0.21125,0.7955801104972375,0.072,0.13204951856946354,144,363,37,1856
cepstral:cyclo,relation_pca_residual,33,0.97,0.6835613261167567,0.18958210625246216,0.2377288270596235,0.21141516490350376,-0.026313662156119744,0.7906747100868269,0.11420218276722616,0.48154,0.19416666666666665,0.7894736842105263,0.045,0.08514664143803216,90,376,24,1910
cepstral:cyclo,relation_shrinkage_mahalanobis,33,0.9,56.12965577261204,30.613588316331693,35.77257307798117,32.70593691093626,-3.066636167044912,109.63668424088206,18.326692881341742,0.48318625,0.24625,0.8193979933110368,0.1225,0.21313614615050022,245,346,54,1755
cepstral:cyclo,relation_shrinkage_mahalanobis,33,0.95,79.93668230501399,30.613588316331693,35.77257307798117,32.70593691093626,-3.066636167044912,109.63668424088206,18.326692881341742,0.48318625,0.21166666666666667,0.8033707865168539,0.0715,0.1313131313131313,143,365,35,1857
cepstral:cyclo,relation_shrinkage_mahalanobis,33,0.97,116.83902678091121,30.613588316331693,35.77257307798117,32.70593691093626,-3.066636167044912,109.63668424088206,18.326692881341742,0.48318625,0.1925,0.81,0.0405,0.07714285714285714,81,381,19,1919
cepstral:hos,relation_zdist,33,0.9,1.829745123999965,0.9999999999999996,1.8719434238679895,1.248392231981105,-0.6235511918868846,4.134444390678148,0.38420748714560204,0.47040625,0.23333333333333334,0.810077519379845,0.1045,0.18511957484499555,209,351,49,1791
cepstral:hos,relation_zdist,33,0.95,2.9414227977641665,0.9999999999999996,1.8719434238679895,1.248392231981105,-0.6235511918868846,4.134444390678148,0.38420748714560204,0.47040625,0.20333333333333334,0.8013698630136986,0.0585,0.10904007455731594,117,371,29,1883
cepstral:hos,relation_zdist,33,0.97,4.187676959309559,0.9999999999999996,1.8719434238679895,1.248392231981105,-0.6235511918868846,4.134444390678148,0.38420748714560204,0.47040625,0.19,0.7978723404255319,0.0375,0.07163323782234957,75,381,19,1925
cepstral:hos,relation_pca_residual,33,0.9,0.34932676496286086,0.1954123968399246,0.4374875860103117,0.27214609942673657,-0.16534148658357511,0.7987064363642699,0.096388617995329,0.48186875,0.23708333333333334,0.7985865724381626,0.113,0.19798510731493651,226,343,57,1774
cepstral:hos,relation_pca_residual,33,0.95,0.5752099613195969,0.1954123968399246,0.4374875860103117,0.27214609942673657,-0.16534148658357511,0.7987064363642699,0.096388617995329,0.48186875,0.20333333333333334,0.8055555555555556,0.058,0.1082089552238806,116,372,28,1884
cepstral:hos,relation_pca_residual,33,0.97,0.8567595057506269,0.1954123968399246,0.4374875860103117,0.27214609942673657,-0.16534148658357511,0.7987064363642699,0.096388617995329,0.48186875,0.18708333333333332,0.7816091954022989,0.034,0.06516530905606133,68,381,19,1932
cepstral:hos,relation_shrinkage_mahalanobis,33,0.9,58.94193645874158,30.423117964198205,69.59990125636482,41.31782228592358,-28.282078970441233,131.64216260545703,14.192686686066663,0.47319375,0.235,0.8082706766917294,0.1075,0.18976169461606354,215,349,51,1785
cepstral:hos,relation_shrinkage_mahalanobis,33,0.95,89.71407663654449,30.423117964198205,69.59990125636482,41.31782228592358,-28.282078970441233,131.64216260545703,14.192686686066663,0.47319375,0.205,0.7987012987012987,0.0615,0.11420612813370473,123,369,31,1877
cepstral:hos,relation_shrinkage_mahalanobis,33,0.97,132.18140409809982,30.423117964198205,69.59990125636482,41.31782228592358,-28.282078970441233,131.64216260545703,14.192686686066663,0.47319375,0.18875,0.7912087912087912,0.036,0.06886657101865136,72,381,19,1928
cepstral:bispectrum,relation_zdist,33,0.9,1.835513369772032,1.0,1.0104210196240349,1.0373829018357836,0.026961882211748778,2.7783483434057192,0.7485650379289904,0.518865,0.24041666666666667,0.8149466192170819,0.1145,0.20078912757562473,229,348,52,1771
cepstral:bispectrum,relation_zdist,33,0.95,2.5388703496979015,1.0,1.0104210196240349,1.0373829018357836,0.026961882211748778,2.7783483434057192,0.7485650379289904,0.518865,0.20166666666666666,0.8134328358208955,0.0545,0.10215557638238051,109,375,25,1891
cepstral:bispectrum,relation_zdist,33,0.97,3.049620867168058,1.0,1.0104210196240349,1.0373829018357836,0.026961882211748778,2.7783483434057192,0.7485650379289904,0.518865,0.1925,0.8604651162790697,0.037,0.07094918504314476,74,388,12,1926
cepstral:bispectrum,relation_pca_residual,33,0.9,0.47362115997333265,0.24254158925317404,0.2460440669329465,0.2686791884806535,0.02263512154770697,0.6199654818375678,0.18709886462872913,0.52819875,0.2579166666666667,0.8566775244299675,0.1315,0.22800173385348937,263,356,44,1737
cepstral:bispectrum,relation_pca_residual,33,0.95,0.6369346091712649,0.24254158925317404,0.2460440669329465,0.2686791884806535,0.02263512154770697,0.6199654818375678,0.18709886462872913,0.52819875,0.21708333333333332,0.8805031446540881,0.07,0.12968967114404817,140,381,19,1860
cepstral:bispectrum,relation_pca_residual,33,0.97,0.7866605322247634,0.24254158925317404,0.2460440669329465,0.2686791884806535,0.02263512154770697,0.6199654818375678,0.18709886462872913,0.52819875,0.19916666666666666,0.90625,0.0435,0.0830152671755725,87,391,9,1913
cepstral:bispectrum,relation_shrinkage_mahalanobis,33,0.9,59.14532074119399,31.233115540519883,32.06221363856018,33.482486033541804,1.4202723949816232,78.99654627561254,24.96032567969739,0.522575,0.24541666666666667,0.8411552346570397,0.1165,0.204655248133509,233,356,44,1767
cepstral:bispectrum,relation_shrinkage_mahalanobis,33,0.95,73.3546784773545,31.233115540519883,32.06221363856018,33.482486033541804,1.4202723949816232,78.99654627561254,24.96032567969739,0.522575,0.21333333333333335,0.8414634146341463,0.069,0.12754158964879853,138,374,26,1862
cepstral:bispectrum,relation_shrinkage_mahalanobis,33,0.97,88.41495886627162,31.233115540519883,32.06221363856018,33.482486033541804,1.4202723949816232,78.99654627561254,24.96032567969739,0.522575,0.19208333333333333,0.8351648351648352,0.038,0.07269249163079866,76,385,15,1924
cyclo:hos,relation_zdist,33,0.9,1.493024602614412,1.0,1.754639376728075,2.1107697468583133,0.3561303701302383,4.028183743340549,0.31132038708132137,0.47750375,0.235,0.8082706766917294,0.1075,0.18976169461606354,215,349,51,1785
cyclo:hos,relation_zdist,33,0.95,2.6035657709201057,1.0,1.754639376728075,2.1107697468583133,0.3561303701302383,4.028183743340549,0.31132038708132137,0.47750375,0.19916666666666666,0.782608695652174,0.054,0.1010289990645463,108,370,30,1892
cyclo:hos,relation_zdist,33,0.97,3.6881482355376023,1.0,1.754639376728075,2.1107697468583133,0.3561303701302383,4.028183743340549,0.31132038708132137,0.47750375,0.18416666666666667,0.7333333333333333,0.033,0.06315789473684211,66,376,24,1934
cyclo:hos,relation_pca_residual,33,0.9,0.2844396986916884,0.146071114420216,0.318903710485346,0.3023152367783365,-0.0165884737070095,0.6278276068398716,0.0728037935630999,0.5078925,0.24166666666666667,0.8237410071942446,0.1145,0.20105355575065845,229,351,49,1771
cyclo:hos,relation_pca_residual,33,0.95,0.4640809446295599,0.146071114420216,0.318903710485346,0.3023152367783365,-0.0165884737070095,0.6278276068398716,0.0728037935630999,0.5078925,0.19958333333333333,0.7883211678832117,0.054,0.10107627515208235,108,371,29,1892
cyclo:hos,relation_pca_residual,33,0.97,0.6574854297878643,0.146071114420216,0.318903710485346,0.3023152367783365,-0.0165884737070095,0.6278276068398716,0.0728037935630999,0.5078925,0.1875,0.7777777777777778,0.035,0.06698564593301436,70,380,20,1930
cyclo:hos,relation_shrinkage_mahalanobis,33,0.9,52.151156734737704,29.01539365646222,64.60664235322429,76.1570657686847,11.550423415460415,127.12907938982525,12.488535114261449,0.49145625,0.23666666666666666,0.8111111111111111,0.1095,0.19295154185022026,219,349,51,1781
cyclo:hos,relation_shrinkage_mahalanobis,33,0.95,82.8617858153869,29.01539365646222,64.60664235322429,76.1570657686847,11.550423415460415,127.12907938982525,12.488535114261449,0.49145625,0.20166666666666666,0.7876712328767124,0.0575,0.10717614165890028,115,369,31,1885
cyclo:hos,relation_shrinkage_mahalanobis,33,0.97,131.5134614050348,29.01539365646222,64.60664235322429,76.1570657686847,11.550423415460415,127.12907938982525,12.488535114261449,0.49145625,0.18375,0.7530864197530864,0.0305,0.05862566074002883,61,380,20,1939
cyclo:bispectrum,relation_zdist,33,0.9,1.9015061276445309,1.0,1.06049868934841,1.0606786200363498,0.00017993068793975553,3.1746674576408362,0.7115863445783612,0.507775,0.24083333333333334,0.822463768115942,0.1135,0.19947275922671354,227,351,49,1773
cyclo:bispectrum,relation_zdist,33,0.95,2.5791134136256177,1.0,1.06049868934841,1.0606786200363498,0.00017993068793975553,3.1746674576408362,0.7115863445783612,0.507775,0.20875,0.8136645962732919,0.0655,0.12124016658954188,131,370,30,1869
cyclo:bispectrum,relation_zdist,33,0.97,3.4491963821918787,1.0,1.06049868934841,1.0606786200363498,0.00017993068793975553,3.1746674576408362,0.7115863445783612,0.507775,0.18625,0.7764705882352941,0.033,0.06330935251798561,66,381,19,1934
cyclo:bispectrum,relation_pca_residual,33,0.9,0.4426406138552952,0.2422620707758763,0.2675590169543036,0.2756879752367477,0.008128958282444088,0.7871017910678689,0.1860111276976308,0.51436,0.26458333333333334,0.8254847645429363,0.149,0.25243540872511644,298,337,63,1702
cyclo:bispectrum,relation_pca_residual,33,0.95,0.613404857778232,0.2422620707758763,0.2675590169543036,0.2756879752367477,0.008128958282444088,0.7871017910678689,0.1860111276976308,0.51436,0.21875,0.8378378378378378,0.0775,0.14187643020594967,155,370,30,1845
cyclo:bispectrum,relation_pca_residual,33,0.97,0.7596502380849091,0.2422620707758763,0.2675590169543036,0.2756879752367477,0.008128958282444088,0.7871017910678689,0.1860111276976308,0.51436,0.2,0.8225806451612904,0.051,0.09604519774011298,102,378,22,1898
cyclo:bispectrum,relation_shrinkage_mahalanobis,33,0.9,57.85353518599842,31.442594042965126,34.07542260744663,34.32997812394639,0.2545555164997566,101.03864195903115,24.387241550812107,0.5114825,0.255,0.8419354838709677,0.1305,0.225974025974026,261,351,49,1739
cyclo:bispectrum,relation_shrinkage_mahalanobis,33,0.95,77.0420552383221,31.442594042965126,34.07542260744663,34.32997812394639,0.2545555164997566,101.03864195903115,24.387241550812107,0.5114825,0.21208333333333335,0.8263473053892215,0.069,0.127365020766036,138,371,29,1862
cyclo:bispectrum,relation_shrinkage_mahalanobis,33,0.97,96.26634005791772,31.442594042965126,34.07542260744663,34.32997812394639,0.2545555164997566,101.03864195903115,24.387241550812107,0.5114825,0.18916666666666668,0.77,0.0385,0.07333333333333333,77,377,23,1923
hos:bispectrum,relation_zdist,33,0.9,1.5314055545680527,1.0,1.0948303530041132,1.061572047155582,-0.03325830584853118,2.964318141714706,0.5389605293110369,0.50964625,0.24333333333333335,0.8108108108108109,0.12,0.20905923344947736,240,344,56,1760
hos:bispectrum,relation_zdist,33,0.95,2.460808834982242,1.0,1.0948303530041132,1.061572047155582,-0.03325830584853118,2.964318141714706,0.5389605293110369,0.50964625,0.19375,0.768595041322314,0.0465,0.0876944837340877,93,372,28,1907
hos:bispectrum,relation_zdist,33,0.97,3.2114894969386616,1.0,1.0948303530041132,1.061572047155582,-0.03325830584853118,2.964318141714706,0.5389605293110369,0.50964625,0.18416666666666667,0.7837837837837838,0.029,0.055930568948891035,58,384,16,1942
hos:bispectrum,relation_pca_residual,33,0.9,0.39658656186792784,0.23288238533692826,0.3329595576633656,0.33952780870371946,0.006568251040353856,0.8101120535371376,0.16794022050572904,0.50796875,0.26458333333333334,0.8328611898016998,0.147,0.24989375265618358,294,341,59,1706
hos:bispectrum,relation_pca_residual,33,0.95,0.5576687592741576,0.23288238533692826,0.3329595576633656,0.33952780870371946,0.006568251040353856,0.8101120535371376,0.16794022050572904,0.50796875,0.21625,0.8181818181818182,0.0765,0.13991769547325103,153,366,34,1847
hos:bispectrum,relation_pca_residual,33,0.97,0.6996640127757568,0.23288238533692826,0.3329595576633656,0.33952780870371946,0.006568251040353856,0.8101120535371376,0.16794022050572904,0.50796875,0.19458333333333333,0.7768595041322314,0.047,0.08863743517208864,94,373,27,1906
hos:bispectrum,relation_shrinkage_mahalanobis,33,0.9,51.87319792712842,31.19116117668311,40.99320125674398,38.108842263882266,-2.8843589928617135,102.31334825074296,19.731838751075365,0.50936125,0.24625,0.825938566552901,0.121,0.21107719145224596,242,349,51,1758
hos:bispectrum,relation_shrinkage_mahalanobis,33,0.95,78.07019528297093,31.19116117668311,40.99320125674398,38.108842263882266,-2.8843589928617135,102.31334825074296,19.731838751075365,0.50936125,0.20083333333333334,0.7847222222222222,0.0565,0.10541044776119403,113,369,31,1887
hos:bispectrum,relation_shrinkage_mahalanobis,33,0.97,98.80286484603302,31.19116117668311,40.99320125674398,38.108842263882266,-2.8843589928617135,102.31334825074296,19.731838751075365,0.50936125,0.18791666666666668,0.7741935483870968,0.036,0.06880076445293835,72,379,21,1928
