representation,method,tx,threshold_quantile,threshold,known_files,false_rejects,known_accepts,false_reject_rate,score_mean,score_p95
iq,zdist,Tx1,0.9,1.6364136891424548,100,5,95,0.05,0.8394679411645786,1.6363587488384166
iq,zdist,Tx2,0.9,1.6364136891424548,100,10,90,0.1,1.2514457243526615,2.6574244174355
iq,zdist,Tx3,0.9,1.6364136891424548,100,18,82,0.18,0.8820621216514319,2.2871895393684665
iq,zdist,Tx4,0.9,1.6364136891424548,100,12,88,0.12,0.8455688037425487,2.0318902316645158
iq,zdist,Tx1,0.95,2.370411732030558,100,4,96,0.04,0.8394679411645786,1.6363587488384166
iq,zdist,Tx2,0.95,2.370411732030558,100,6,94,0.06,1.2514457243526615,2.6574244174355
iq,zdist,Tx3,0.95,2.370411732030558,100,5,95,0.05,0.8820621216514319,2.2871895393684665
iq,zdist,Tx4,0.95,2.370411732030558,100,4,96,0.04,0.8455688037425487,2.0318902316645158
iq,zdist,Tx1,0.97,3.013345767307876,100,2,98,0.02,0.8394679411645786,1.6363587488384166
iq,zdist,Tx2,0.97,3.013345767307876,100,4,96,0.04,1.2514457243526615,2.6574244174355
iq,zdist,Tx3,0.97,3.013345767307876,100,2,98,0.02,0.8820621216514319,2.2871895393684665
iq,zdist,Tx4,0.97,3.013345767307876,100,3,97,0.03,0.8455688037425487,2.0318902316645158
iq,pca_residual,Tx1,0.9,0.03808009378755104,100,11,89,0.11,0.018089158758239642,0.06471283725149034
iq,pca_residual,Tx2,0.9,0.03808009378755104,100,14,86,0.14,0.021760148788492802,0.07916758935681958
iq,pca_residual,Tx3,0.9,0.03808009378755104,100,9,91,0.09,0.01637671133256748,0.05755385636520347
iq,pca_residual,Tx4,0.9,0.03808009378755104,100,11,89,0.11,0.021389477998620586,0.09495727825311823
iq,pca_residual,Tx1,0.95,0.06798526270548154,100,5,95,0.05,0.018089158758239642,0.06471283725149034
iq,pca_residual,Tx2,0.95,0.06798526270548154,100,8,92,0.08,0.021760148788492802,0.07916758935681958
iq,pca_residual,Tx3,0.95,0.06798526270548154,100,4,96,0.04,0.01637671133256748,0.05755385636520347
iq,pca_residual,Tx4,0.95,0.06798526270548154,100,8,92,0.08,0.021389477998620586,0.09495727825311823
iq,pca_residual,Tx1,0.97,0.09031788455059425,100,4,96,0.04,0.018089158758239642,0.06471283725149034
iq,pca_residual,Tx2,0.97,0.09031788455059425,100,5,95,0.05,0.021760148788492802,0.07916758935681958
iq,pca_residual,Tx3,0.97,0.09031788455059425,100,2,98,0.02,0.01637671133256748,0.05755385636520347
iq,pca_residual,Tx4,0.97,0.09031788455059425,100,6,94,0.06,0.021389477998620586,0.09495727825311823
iq,shrinkage_mahalanobis,Tx1,0.9,57.50188377271842,100,8,92,0.08,25.22958260909762,78.81222236014337
iq,shrinkage_mahalanobis,Tx2,0.9,57.50188377271842,100,16,84,0.16,36.83781643590422,107.7270603313702
iq,shrinkage_mahalanobis,Tx3,0.9,57.50188377271842,100,10,90,0.1,25.3071277850083,81.34481457756367
iq,shrinkage_mahalanobis,Tx4,0.9,57.50188377271842,100,12,88,0.12,19.170356452248164,74.19524400376034
iq,shrinkage_mahalanobis,Tx1,0.95,90.204322073344,100,4,96,0.04,25.22958260909762,78.81222236014337
iq,shrinkage_mahalanobis,Tx2,0.95,90.204322073344,100,8,92,0.08,36.83781643590422,107.7270603313702
iq,shrinkage_mahalanobis,Tx3,0.95,90.204322073344,100,4,96,0.04,25.3071277850083,81.34481457756367
iq,shrinkage_mahalanobis,Tx4,0.95,90.204322073344,100,4,96,0.04,19.170356452248164,74.19524400376034
iq,shrinkage_mahalanobis,Tx1,0.97,112.2178996904962,100,3,97,0.03,25.22958260909762,78.81222236014337
iq,shrinkage_mahalanobis,Tx2,0.97,112.2178996904962,100,5,95,0.05,36.83781643590422,107.7270603313702
iq,shrinkage_mahalanobis,Tx3,0.97,112.2178996904962,100,3,97,0.03,25.3071277850083,81.34481457756367
iq,shrinkage_mahalanobis,Tx4,0.97,112.2178996904962,100,3,97,0.03,19.170356452248164,74.19524400376034
ap,zdist,Tx1,0.9,2.234322418741458,100,14,86,0.14,1.138293582958084,4.490381658866104
ap,zdist,Tx2,0.9,2.234322418741458,100,10,90,0.1,1.032332096105862,5.1291419656353545
ap,zdist,Tx3,0.9,2.234322418741458,100,20,80,0.2,1.3925622220105904,7.053837509551371
ap,zdist,Tx4,0.9,2.234322418741458,100,8,92,0.08,0.9628981618708689,2.796250391362144
ap,zdist,Tx1,0.95,3.9345970107753545,100,7,93,0.07,1.138293582958084,4.490381658866104
ap,zdist,Tx2,0.95,3.9345970107753545,100,6,94,0.06,1.032332096105862,5.1291419656353545
ap,zdist,Tx3,0.95,3.9345970107753545,100,12,88,0.12,1.3925622220105904,7.053837509551371
ap,zdist,Tx4,0.95,3.9345970107753545,100,4,96,0.04,0.9628981618708689,2.796250391362144
ap,zdist,Tx1,0.97,5.4922312857992015,100,4,96,0.04,1.138293582958084,4.490381658866104
ap,zdist,Tx2,0.97,5.4922312857992015,100,5,95,0.05,1.032332096105862,5.1291419656353545
ap,zdist,Tx3,0.97,5.4922312857992015,100,8,92,0.08,1.3925622220105904,7.053837509551371
ap,zdist,Tx4,0.97,5.4922312857992015,100,2,98,0.02,0.9628981618708689,2.796250391362144
ap,pca_residual,Tx1,0.9,0.03113001962609236,100,8,92,0.08,0.016597458273576504,0.04366695479276146
ap,pca_residual,Tx2,0.9,0.03113001962609236,100,9,91,0.09,0.014944334142728746,0.04295236707279163
ap,pca_residual,Tx3,0.9,0.03113001962609236,100,17,83,0.17,0.01941305612679687,0.05970134208945318
ap,pca_residual,Tx4,0.9,0.03113001962609236,100,7,93,0.07,0.014295534714271392,0.036063435556639684
ap,pca_residual,Tx1,0.95,0.04421463393260167,100,5,95,0.05,0.016597458273576504,0.04366695479276146
ap,pca_residual,Tx2,0.95,0.04421463393260167,100,5,95,0.05,0.014944334142728746,0.04295236707279163
ap,pca_residual,Tx3,0.95,0.04421463393260167,100,8,92,0.08,0.01941305612679687,0.05970134208945318
ap,pca_residual,Tx4,0.95,0.04421463393260167,100,3,97,0.03,0.014295534714271392,0.036063435556639684
ap,pca_residual,Tx1,0.97,0.05436550704080625,100,3,97,0.03,0.016597458273576504,0.04366695479276146
ap,pca_residual,Tx2,0.97,0.05436550704080625,100,2,98,0.02,0.014944334142728746,0.04295236707279163
ap,pca_residual,Tx3,0.97,0.05436550704080625,100,8,92,0.08,0.01941305612679687,0.05970134208945318
ap,pca_residual,Tx4,0.97,0.05436550704080625,100,2,98,0.02,0.014295534714271392,0.036063435556639684
ap,shrinkage_mahalanobis,Tx1,0.9,43.59762764571232,100,13,87,0.13,22.830114751468656,79.91421896880185
ap,shrinkage_mahalanobis,Tx2,0.9,43.59762764571232,100,11,89,0.11,21.89714239623809,82.17311095550177
ap,shrinkage_mahalanobis,Tx3,0.9,43.59762764571232,100,19,81,0.19,25.32414219150348,89.38080682733673
ap,shrinkage_mahalanobis,Tx4,0.9,43.59762764571232,100,8,92,0.08,19.097296332211318,48.66098807938481
ap,shrinkage_mahalanobis,Tx1,0.95,62.64650939138125,100,6,94,0.06,22.830114751468656,79.91421896880185
ap,shrinkage_mahalanobis,Tx2,0.95,62.64650939138125,100,7,93,0.07,21.89714239623809,82.17311095550177
ap,shrinkage_mahalanobis,Tx3,0.95,62.64650939138125,100,10,90,0.1,25.32414219150348,89.38080682733673
ap,shrinkage_mahalanobis,Tx4,0.95,62.64650939138125,100,3,97,0.03,19.097296332211318,48.66098807938481
ap,shrinkage_mahalanobis,Tx1,0.97,79.62698502634333,100,5,95,0.05,22.830114751468656,79.91421896880185
ap,shrinkage_mahalanobis,Tx2,0.97,79.62698502634333,100,6,94,0.06,21.89714239623809,82.17311095550177
ap,shrinkage_mahalanobis,Tx3,0.97,79.62698502634333,100,7,93,0.07,25.32414219150348,89.38080682733673
ap,shrinkage_mahalanobis,Tx4,0.97,79.62698502634333,100,1,99,0.01,19.097296332211318,48.66098807938481
fft,zdist,Tx1,0.9,2.216901354390927,100,16,84,0.16,1.0679805382496386,3.129197543337767
fft,zdist,Tx2,0.9,2.216901354390927,100,6,94,0.06,0.7821640317419,2.278749498215519
fft,zdist,Tx3,0.9,2.216901354390927,100,15,85,0.15,1.1334548470918973,3.9812706534463813
fft,zdist,Tx4,0.9,2.216901354390927,100,8,92,0.08,1.0033612244620493,2.947456688618203
fft,zdist,Tx1,0.95,2.672558117286347,100,6,94,0.06,1.0679805382496386,3.129197543337767
fft,zdist,Tx2,0.95,2.672558117286347,100,1,99,0.01,0.7821640317419,2.278749498215519
fft,zdist,Tx3,0.95,2.672558117286347,100,10,90,0.1,1.1334548470918973,3.9812706534463813
fft,zdist,Tx4,0.95,2.672558117286347,100,6,94,0.06,1.0033612244620493,2.947456688618203
fft,zdist,Tx1,0.97,3.295592376833843,100,5,95,0.05,1.0679805382496386,3.129197543337767
fft,zdist,Tx2,0.97,3.295592376833843,100,1,99,0.01,0.7821640317419,2.278749498215519
fft,zdist,Tx3,0.97,3.295592376833843,100,8,92,0.08,1.1334548470918973,3.9812706534463813
fft,zdist,Tx4,0.97,3.295592376833843,100,3,97,0.03,1.0033612244620493,2.947456688618203
fft,pca_residual,Tx1,0.9,0.022759275451254404,100,13,87,0.13,0.012774979138020948,0.02913726330930265
fft,pca_residual,Tx2,0.9,0.022759275451254404,100,10,90,0.1,0.011820179851855716,0.031048974940588756
fft,pca_residual,Tx3,0.9,0.022759275451254404,100,11,89,0.11,0.012351553214757062,0.02929394858798325
fft,pca_residual,Tx4,0.9,0.022759275451254404,100,12,88,0.12,0.013380220932963385,0.03331713694188083
fft,pca_residual,Tx1,0.95,0.030290249799110793,100,4,96,0.04,0.012774979138020948,0.02913726330930265
fft,pca_residual,Tx2,0.95,0.030290249799110793,100,6,94,0.06,0.011820179851855716,0.031048974940588756
fft,pca_residual,Tx3,0.95,0.030290249799110793,100,5,95,0.05,0.012351553214757062,0.02929394858798325
fft,pca_residual,Tx4,0.95,0.030290249799110793,100,6,94,0.06,0.013380220932963385,0.03331713694188083
fft,pca_residual,Tx1,0.97,0.034613460980491874,100,3,97,0.03,0.012774979138020948,0.02913726330930265
fft,pca_residual,Tx2,0.97,0.034613460980491874,100,5,95,0.05,0.011820179851855716,0.031048974940588756
fft,pca_residual,Tx3,0.97,0.034613460980491874,100,4,96,0.04,0.012351553214757062,0.02929394858798325
fft,pca_residual,Tx4,0.97,0.034613460980491874,100,5,95,0.05,0.013380220932963385,0.03331713694188083
fft,shrinkage_mahalanobis,Tx1,0.9,53.289187382521774,100,14,86,0.14,29.609515457227715,68.57416925522374
fft,shrinkage_mahalanobis,Tx2,0.9,53.289187382521774,100,6,94,0.06,26.794432631817035,56.1743692319794
fft,shrinkage_mahalanobis,Tx3,0.9,53.289187382521774,100,17,83,0.17,31.6759420938222,79.32417454423849
fft,shrinkage_mahalanobis,Tx4,0.9,53.289187382521774,100,10,90,0.1,30.06539884109111,73.95128150806443
fft,shrinkage_mahalanobis,Tx1,0.95,67.36951890834402,100,8,92,0.08,29.609515457227715,68.57416925522374
fft,shrinkage_mahalanobis,Tx2,0.95,67.36951890834402,100,5,95,0.05,26.794432631817035,56.1743692319794
fft,shrinkage_mahalanobis,Tx3,0.95,67.36951890834402,100,9,91,0.09,31.6759420938222,79.32417454423849
fft,shrinkage_mahalanobis,Tx4,0.95,67.36951890834402,100,8,92,0.08,30.06539884109111,73.95128150806443
fft,shrinkage_mahalanobis,Tx1,0.97,82.08790720589877,100,0,100,0.0,29.609515457227715,68.57416925522374
fft,shrinkage_mahalanobis,Tx2,0.97,82.08790720589877,100,4,96,0.04,26.794432631817035,56.1743692319794
fft,shrinkage_mahalanobis,Tx3,0.97,82.08790720589877,100,5,95,0.05,31.6759420938222,79.32417454423849
fft,shrinkage_mahalanobis,Tx4,0.97,82.08790720589877,100,3,97,0.03,30.06539884109111,73.95128150806443
stft,zdist,Tx1,0.9,1.7600977619229228,100,11,89,0.11,1.074571733507549,2.2695059858692277
stft,zdist,Tx2,0.9,1.7600977619229228,100,9,91,0.09,0.8836445023506896,2.1127912850128236
stft,zdist,Tx3,0.9,1.7600977619229228,100,18,82,0.18,1.0958719908045396,2.960660299582941
stft,zdist,Tx4,0.9,1.7600977619229228,100,12,88,0.12,1.0441108936624175,2.5362662835114014
stft,zdist,Tx1,0.95,2.255757340590132,100,6,94,0.06,1.074571733507549,2.2695059858692277
stft,zdist,Tx2,0.95,2.255757340590132,100,4,96,0.04,0.8836445023506896,2.1127912850128236
stft,zdist,Tx3,0.95,2.255757340590132,100,11,89,0.11,1.0958719908045396,2.960660299582941
stft,zdist,Tx4,0.95,2.255757340590132,100,8,92,0.08,1.0441108936624175,2.5362662835114014
stft,zdist,Tx1,0.97,2.7022992070449217,100,3,97,0.03,1.074571733507549,2.2695059858692277
stft,zdist,Tx2,0.97,2.7022992070449217,100,1,99,0.01,0.8836445023506896,2.1127912850128236
stft,zdist,Tx3,0.97,2.7022992070449217,100,9,91,0.09,1.0958719908045396,2.960660299582941
stft,zdist,Tx4,0.97,2.7022992070449217,100,5,95,0.05,1.0441108936624175,2.5362662835114014
stft,pca_residual,Tx1,0.9,0.23828659563414584,100,7,93,0.07,0.12802143212036465,0.2675939190129259
stft,pca_residual,Tx2,0.9,0.23828659563414584,100,6,94,0.06,0.11298532825613415,0.23851260193200788
stft,pca_residual,Tx3,0.9,0.23828659563414584,100,3,97,0.03,0.11153192094432297,0.22872723409010648
stft,pca_residual,Tx4,0.9,0.23828659563414584,100,16,84,0.16,0.1445329801031024,0.34193970445209837
stft,pca_residual,Tx1,0.95,0.3115568331770439,100,4,96,0.04,0.12802143212036465,0.2675939190129259
stft,pca_residual,Tx2,0.95,0.3115568331770439,100,3,97,0.03,0.11298532825613415,0.23851260193200788
stft,pca_residual,Tx3,0.95,0.3115568331770439,100,0,100,0.0,0.11153192094432297,0.22872723409010648
stft,pca_residual,Tx4,0.95,0.3115568331770439,100,8,92,0.08,0.1445329801031024,0.34193970445209837
stft,pca_residual,Tx1,0.97,0.3620357113382813,100,2,98,0.02,0.12802143212036465,0.2675939190129259
stft,pca_residual,Tx2,0.97,0.3620357113382813,100,0,100,0.0,0.11298532825613415,0.23851260193200788
stft,pca_residual,Tx3,0.97,0.3620357113382813,100,0,100,0.0,0.11153192094432297,0.22872723409010648
stft,pca_residual,Tx4,0.97,0.3620357113382813,100,5,95,0.05,0.1445329801031024,0.34193970445209837
stft,shrinkage_mahalanobis,Tx1,0.9,206.19293526384996,100,11,89,0.11,134.44756725154946,250.23936713583345
stft,shrinkage_mahalanobis,Tx2,0.9,206.19293526384996,100,7,93,0.07,118.35730729527891,226.53675859056244
stft,shrinkage_mahalanobis,Tx3,0.9,206.19293526384996,100,5,95,0.05,119.43239294046856,205.60943682348304
stft,shrinkage_mahalanobis,Tx4,0.9,206.19293526384996,100,19,81,0.19,144.46673114915296,274.31758796563037
stft,shrinkage_mahalanobis,Tx1,0.95,249.20659232688703,100,5,95,0.05,134.44756725154946,250.23936713583345
stft,shrinkage_mahalanobis,Tx2,0.95,249.20659232688703,100,3,97,0.03,118.35730729527891,226.53675859056244
stft,shrinkage_mahalanobis,Tx3,0.95,249.20659232688703,100,3,97,0.03,119.43239294046856,205.60943682348304
stft,shrinkage_mahalanobis,Tx4,0.95,249.20659232688703,100,12,88,0.12,144.46673114915296,274.31758796563037
stft,shrinkage_mahalanobis,Tx1,0.97,275.08538075105446,100,5,95,0.05,134.44756725154946,250.23936713583345
stft,shrinkage_mahalanobis,Tx2,0.97,275.08538075105446,100,1,99,0.01,118.35730729527891,226.53675859056244
stft,shrinkage_mahalanobis,Tx3,0.97,275.08538075105446,100,0,100,0.0,119.43239294046856,205.60943682348304
stft,shrinkage_mahalanobis,Tx4,0.97,275.08538075105446,100,5,95,0.05,144.46673114915296,274.31758796563037
cepstral,zdist,Tx1,0.9,1.932905529292956,100,11,89,0.11,0.9478864418606495,2.750694454197975
cepstral,zdist,Tx2,0.9,1.932905529292956,100,8,92,0.08,0.9378345294570616,3.4931954668287593
cepstral,zdist,Tx3,0.9,1.932905529292956,100,20,80,0.2,1.3928553271498834,5.910756354878101
cepstral,zdist,Tx4,0.9,1.932905529292956,100,8,92,0.08,0.9256078526144692,2.443094099380276
cepstral,zdist,Tx1,0.95,3.082517390511777,100,3,97,0.03,0.9478864418606495,2.750694454197975
cepstral,zdist,Tx2,0.95,3.082517390511777,100,7,93,0.07,0.9378345294570616,3.4931954668287593
cepstral,zdist,Tx3,0.95,3.082517390511777,100,14,86,0.14,1.3928553271498834,5.910756354878101
cepstral,zdist,Tx4,0.95,3.082517390511777,100,4,96,0.04,0.9256078526144692,2.443094099380276
cepstral,zdist,Tx1,0.97,3.763604607025838,100,1,99,0.01,0.9478864418606495,2.750694454197975
cepstral,zdist,Tx2,0.97,3.763604607025838,100,3,97,0.03,0.9378345294570616,3.4931954668287593
cepstral,zdist,Tx3,0.97,3.763604607025838,100,13,87,0.13,1.3928553271498834,5.910756354878101
cepstral,zdist,Tx4,0.97,3.763604607025838,100,2,98,0.02,0.9256078526144692,2.443094099380276
cepstral,pca_residual,Tx1,0.9,0.1910890010842814,100,14,86,0.14,0.120934120324671,0.25293160008506615
cepstral,pca_residual,Tx2,0.9,0.1910890010842814,100,15,85,0.15,0.13065976178383049,0.34464877412000444
cepstral,pca_residual,Tx3,0.9,0.1910890010842814,100,10,90,0.1,0.11306928553576398,0.21454812767357906
cepstral,pca_residual,Tx4,0.9,0.1910890010842814,100,15,85,0.15,0.13242772660286017,0.2941593224411732
cepstral,pca_residual,Tx1,0.95,0.24379822607275084,100,6,94,0.06,0.120934120324671,0.25293160008506615
cepstral,pca_residual,Tx2,0.95,0.24379822607275084,100,9,91,0.09,0.13065976178383049,0.34464877412000444
cepstral,pca_residual,Tx3,0.95,0.24379822607275084,100,4,96,0.04,0.11306928553576398,0.21454812767357906
cepstral,pca_residual,Tx4,0.95,0.24379822607275084,100,8,92,0.08,0.13242772660286017,0.2941593224411732
cepstral,pca_residual,Tx1,0.97,0.27365585082985644,100,4,96,0.04,0.120934120324671,0.25293160008506615
cepstral,pca_residual,Tx2,0.97,0.27365585082985644,100,9,91,0.09,0.13065976178383049,0.34464877412000444
cepstral,pca_residual,Tx3,0.97,0.27365585082985644,100,2,98,0.02,0.11306928553576398,0.21454812767357906
cepstral,pca_residual,Tx4,0.97,0.27365585082985644,100,7,93,0.07,0.13242772660286017,0.2941593224411732
cepstral,shrinkage_mahalanobis,Tx1,0.9,68.8987889141986,100,14,86,0.14,42.02183457287632,81.86966164922724
cepstral,shrinkage_mahalanobis,Tx2,0.9,68.8987889141986,100,15,85,0.15,44.97578290698698,104.99358526759241
cepstral,shrinkage_mahalanobis,Tx3,0.9,68.8987889141986,100,15,85,0.15,43.61237846874279,89.69389032760128
cepstral,shrinkage_mahalanobis,Tx4,0.9,68.8987889141986,100,14,86,0.14,45.832730741281324,101.91651460879716
cepstral,shrinkage_mahalanobis,Tx1,0.95,85.07843460636009,100,4,96,0.04,42.02183457287632,81.86966164922724
cepstral,shrinkage_mahalanobis,Tx2,0.95,85.07843460636009,100,10,90,0.1,44.97578290698698,104.99358526759241
cepstral,shrinkage_mahalanobis,Tx3,0.95,85.07843460636009,100,6,94,0.06,43.61237846874279,89.69389032760128
cepstral,shrinkage_mahalanobis,Tx4,0.95,85.07843460636009,100,9,91,0.09,45.832730741281324,101.91651460879716
cepstral,shrinkage_mahalanobis,Tx1,0.97,92.38959742621091,100,3,97,0.03,42.02183457287632,81.86966164922724
cepstral,shrinkage_mahalanobis,Tx2,0.97,92.38959742621091,100,7,93,0.07,44.97578290698698,104.99358526759241
cepstral,shrinkage_mahalanobis,Tx3,0.97,92.38959742621091,100,5,95,0.05,43.61237846874279,89.69389032760128
cepstral,shrinkage_mahalanobis,Tx4,0.97,92.38959742621091,100,7,93,0.07,45.832730741281324,101.91651460879716
cyclo,zdist,Tx1,0.9,2.7010646566288705,100,14,86,0.14,1.1303986351543,4.027143568285348
cyclo,zdist,Tx2,0.9,2.7010646566288705,100,12,88,0.12,1.1515385754291554,5.121791538394373
cyclo,zdist,Tx3,0.9,2.7010646566288705,100,18,82,0.18,1.5920544145404816,7.616597452725902
cyclo,zdist,Tx4,0.9,2.7010646566288705,100,9,91,0.09,0.9552470090004545,4.238330378786106
cyclo,zdist,Tx1,0.95,4.418427323918298,100,4,96,0.04,1.1303986351543,4.027143568285348
cyclo,zdist,Tx2,0.95,4.418427323918298,100,6,94,0.06,1.1515385754291554,5.121791538394373
cyclo,zdist,Tx3,0.95,4.418427323918298,100,13,87,0.13,1.5920544145404816,7.616597452725902
cyclo,zdist,Tx4,0.95,4.418427323918298,100,5,95,0.05,0.9552470090004545,4.238330378786106
cyclo,zdist,Tx1,0.97,5.388300137259517,100,3,97,0.03,1.1303986351543,4.027143568285348
cyclo,zdist,Tx2,0.97,5.388300137259517,100,3,97,0.03,1.1515385754291554,5.121791538394373
cyclo,zdist,Tx3,0.97,5.388300137259517,100,12,88,0.12,1.5920544145404816,7.616597452725902
cyclo,zdist,Tx4,0.97,5.388300137259517,100,1,99,0.01,0.9552470090004545,4.238330378786106
cyclo,pca_residual,Tx1,0.9,0.10927105774073541,100,10,90,0.1,0.059433118636069523,0.1368907459905401
cyclo,pca_residual,Tx2,0.9,0.10927105774073541,100,18,82,0.18,0.07502055450746208,0.21718426925543133
cyclo,pca_residual,Tx3,0.9,0.10927105774073541,100,12,88,0.12,0.0598050069769047,0.13688590737393924
cyclo,pca_residual,Tx4,0.9,0.10927105774073541,100,9,91,0.09,0.06102233311706299,0.1288793431184811
cyclo,pca_residual,Tx1,0.95,0.13522950985885343,100,6,94,0.06,0.059433118636069523,0.1368907459905401
cyclo,pca_residual,Tx2,0.95,0.13522950985885343,100,13,87,0.13,0.07502055450746208,0.21718426925543133
cyclo,pca_residual,Tx3,0.95,0.13522950985885343,100,6,94,0.06,0.0598050069769047,0.13688590737393924
cyclo,pca_residual,Tx4,0.95,0.13522950985885343,100,5,95,0.05,0.06102233311706299,0.1288793431184811
cyclo,pca_residual,Tx1,0.97,0.16739378251520456,100,3,97,0.03,0.059433118636069523,0.1368907459905401
cyclo,pca_residual,Tx2,0.97,0.16739378251520456,100,8,92,0.08,0.07502055450746208,0.21718426925543133
cyclo,pca_residual,Tx3,0.97,0.16739378251520456,100,4,96,0.04,0.0598050069769047,0.13688590737393924
cyclo,pca_residual,Tx4,0.97,0.16739378251520456,100,2,98,0.02,0.06102233311706299,0.1288793431184811
cyclo,shrinkage_mahalanobis,Tx1,0.9,59.1535376885703,100,13,87,0.13,37.367955179762404,109.24576285307229
cyclo,shrinkage_mahalanobis,Tx2,0.9,59.1535376885703,100,19,81,0.19,43.259751567160365,130.58390896932775
cyclo,shrinkage_mahalanobis,Tx3,0.9,59.1535376885703,100,13,87,0.13,37.90646960186565,96.97263957851057
cyclo,shrinkage_mahalanobis,Tx4,0.9,59.1535376885703,100,14,86,0.14,36.47720381158244,77.86525796073124
cyclo,shrinkage_mahalanobis,Tx1,0.95,85.20422408100487,100,9,91,0.09,37.367955179762404,109.24576285307229
cyclo,shrinkage_mahalanobis,Tx2,0.95,85.20422408100487,100,11,89,0.11,43.259751567160365,130.58390896932775
cyclo,shrinkage_mahalanobis,Tx3,0.95,85.20422408100487,100,7,93,0.07,37.90646960186565,96.97263957851057
cyclo,shrinkage_mahalanobis,Tx4,0.95,85.20422408100487,100,4,96,0.04,36.47720381158244,77.86525796073124
cyclo,shrinkage_mahalanobis,Tx1,0.97,106.91329559464697,100,6,94,0.06,37.367955179762404,109.24576285307229
cyclo,shrinkage_mahalanobis,Tx2,0.97,106.91329559464697,100,6,94,0.06,43.259751567160365,130.58390896932775
cyclo,shrinkage_mahalanobis,Tx3,0.97,106.91329559464697,100,5,95,0.05,37.90646960186565,96.97263957851057
cyclo,shrinkage_mahalanobis,Tx4,0.97,106.91329559464697,100,3,97,0.03,36.47720381158244,77.86525796073124
hos,zdist,Tx1,0.9,1.4253785109495722,100,14,86,0.14,0.877105949142561,3.9671584500075743
hos,zdist,Tx2,0.9,1.4253785109495722,100,14,86,0.14,2.0794400729048523,3.1923234137375145
hos,zdist,Tx3,0.9,1.4253785109495722,100,18,82,0.18,1.116622350319892,4.137698154526122
hos,zdist,Tx4,0.9,1.4253785109495722,100,9,91,0.09,0.6775843391238794,3.0215314935330193
hos,zdist,Tx1,0.95,2.882970751320241,100,9,91,0.09,0.877105949142561,3.9671584500075743
hos,zdist,Tx2,0.95,2.882970751320241,100,7,93,0.07,2.0794400729048523,3.1923234137375145
hos,zdist,Tx3,0.95,2.882970751320241,100,13,87,0.13,1.116622350319892,4.137698154526122
hos,zdist,Tx4,0.95,2.882970751320241,100,6,94,0.06,0.6775843391238794,3.0215314935330193
hos,zdist,Tx1,0.97,3.797577785152134,100,6,94,0.06,0.877105949142561,3.9671584500075743
hos,zdist,Tx2,0.97,3.797577785152134,100,4,96,0.04,2.0794400729048523,3.1923234137375145
hos,zdist,Tx3,0.97,3.797577785152134,100,7,93,0.07,1.116622350319892,4.137698154526122
hos,zdist,Tx4,0.97,3.797577785152134,100,3,97,0.03,0.6775843391238794,3.0215314935330193
hos,pca_residual,Tx1,0.9,0.1008473594234467,100,13,87,0.13,0.07696144878846484,0.22087614574855988
hos,pca_residual,Tx2,0.9,0.1008473594234467,100,16,84,0.16,0.3012768355681827,0.5693593117097341
hos,pca_residual,Tx3,0.9,0.1008473594234467,100,15,85,0.15,0.07529474930659918,0.22077300286893453
hos,pca_residual,Tx4,0.9,0.1008473594234467,100,12,88,0.12,0.07754773727027267,0.1780959660049875
hos,pca_residual,Tx1,0.95,0.17072969711759664,100,6,94,0.06,0.07696144878846484,0.22087614574855988
hos,pca_residual,Tx2,0.95,0.17072969711759664,100,10,90,0.1,0.3012768355681827,0.5693593117097341
hos,pca_residual,Tx3,0.95,0.17072969711759664,100,9,91,0.09,0.07529474930659918,0.22077300286893453
hos,pca_residual,Tx4,0.95,0.17072969711759664,100,6,94,0.06,0.07754773727027267,0.1780959660049875
hos,pca_residual,Tx1,0.97,0.25674548736235087,100,4,96,0.04,0.07696144878846484,0.22087614574855988
hos,pca_residual,Tx2,0.97,0.25674548736235087,100,8,92,0.08,0.3012768355681827,0.5693593117097341
hos,pca_residual,Tx3,0.97,0.25674548736235087,100,5,95,0.05,0.07529474930659918,0.22077300286893453
hos,pca_residual,Tx4,0.97,0.25674548736235087,100,5,95,0.05,0.07754773727027267,0.1780959660049875
hos,shrinkage_mahalanobis,Tx1,0.9,66.59964181333346,100,17,83,0.17,49.95639244545166,116.35316959235878
hos,shrinkage_mahalanobis,Tx2,0.9,66.59964181333346,100,16,84,0.16,148.1281713046059,316.4224595327411
hos,shrinkage_mahalanobis,Tx3,0.9,66.59964181333346,100,19,81,0.19,48.24827272144379,124.72707048041289
hos,shrinkage_mahalanobis,Tx4,0.9,66.59964181333346,100,10,90,0.1,42.72497140502506,109.92526710221573
hos,shrinkage_mahalanobis,Tx1,0.95,105.51236947610079,100,6,94,0.06,49.95639244545166,116.35316959235878
hos,shrinkage_mahalanobis,Tx2,0.95,105.51236947610079,100,10,90,0.1,148.1281713046059,316.4224595327411
hos,shrinkage_mahalanobis,Tx3,0.95,105.51236947610079,100,10,90,0.1,48.24827272144379,124.72707048041289
hos,shrinkage_mahalanobis,Tx4,0.95,105.51236947610079,100,6,94,0.06,42.72497140502506,109.92526710221573
hos,shrinkage_mahalanobis,Tx1,0.97,147.697641100332,100,4,96,0.04,49.95639244545166,116.35316959235878
hos,shrinkage_mahalanobis,Tx2,0.97,147.697641100332,100,8,92,0.08,148.1281713046059,316.4224595327411
hos,shrinkage_mahalanobis,Tx3,0.97,147.697641100332,100,3,97,0.03,48.24827272144379,124.72707048041289
hos,shrinkage_mahalanobis,Tx4,0.97,147.697641100332,100,4,96,0.04,42.72497140502506,109.92526710221573
bispectrum,zdist,Tx1,0.9,1.8687000169482286,100,10,90,0.1,0.9811586057983223,2.396026627143856
bispectrum,zdist,Tx2,0.9,1.8687000169482286,100,13,87,0.13,0.9025302642060211,2.3663908115454264
bispectrum,zdist,Tx3,0.9,1.8687000169482286,100,15,85,0.15,1.0848591689732388,2.9576054324501624
bispectrum,zdist,Tx4,0.9,1.8687000169482286,100,10,90,0.1,0.9677182446244116,2.661713983838131
bispectrum,zdist,Tx1,0.95,2.479539120120218,100,5,95,0.05,0.9811586057983223,2.396026627143856
bispectrum,zdist,Tx2,0.95,2.479539120120218,100,5,95,0.05,0.9025302642060211,2.3663908115454264
bispectrum,zdist,Tx3,0.95,2.479539120120218,100,11,89,0.11,1.0848591689732388,2.9576054324501624
bispectrum,zdist,Tx4,0.95,2.479539120120218,100,6,94,0.06,0.9677182446244116,2.661713983838131
bispectrum,zdist,Tx1,0.97,2.9288096341478314,100,4,96,0.04,0.9811586057983223,2.396026627143856
bispectrum,zdist,Tx2,0.97,2.9288096341478314,100,4,96,0.04,0.9025302642060211,2.3663908115454264
bispectrum,zdist,Tx3,0.97,2.9288096341478314,100,6,94,0.06,1.0848591689732388,2.9576054324501624
bispectrum,zdist,Tx4,0.97,2.9288096341478314,100,3,97,0.03,0.9677182446244116,2.661713983838131
bispectrum,pca_residual,Tx1,0.9,0.25684710812050676,100,10,90,0.1,0.19495597881445145,0.27777741088625507
bispectrum,pca_residual,Tx2,0.9,0.25684710812050676,100,10,90,0.1,0.1880185632353783,0.2850670279476298
bispectrum,pca_residual,Tx3,0.9,0.25684710812050676,100,14,86,0.14,0.20038199061481993,0.2990831767939583
bispectrum,pca_residual,Tx4,0.9,0.25684710812050676,100,10,90,0.1,0.1873572307015074,0.28090125784461534
bispectrum,pca_residual,Tx1,0.95,0.27957529271548703,100,5,95,0.05,0.19495597881445145,0.27777741088625507
bispectrum,pca_residual,Tx2,0.95,0.27957529271548703,100,6,94,0.06,0.1880185632353783,0.2850670279476298
bispectrum,pca_residual,Tx3,0.95,0.27957529271548703,100,12,88,0.12,0.20038199061481993,0.2990831767939583
bispectrum,pca_residual,Tx4,0.95,0.27957529271548703,100,6,94,0.06,0.1873572307015074,0.28090125784461534
bispectrum,pca_residual,Tx1,0.97,0.2986518549099864,100,4,96,0.04,0.19495597881445145,0.27777741088625507
bispectrum,pca_residual,Tx2,0.97,0.2986518549099864,100,3,97,0.03,0.1880185632353783,0.2850670279476298
bispectrum,pca_residual,Tx3,0.97,0.2986518549099864,100,5,95,0.05,0.20038199061481993,0.2990831767939583
bispectrum,pca_residual,Tx4,0.97,0.2986518549099864,100,3,97,0.03,0.1873572307015074,0.28090125784461534
bispectrum,shrinkage_mahalanobis,Tx1,0.9,148.93598401321242,100,21,79,0.21,119.45406015895131,175.9145114853455
bispectrum,shrinkage_mahalanobis,Tx2,0.9,148.93598401321242,100,13,87,0.13,111.98940367800867,167.78494881738382
bispectrum,shrinkage_mahalanobis,Tx3,0.9,148.93598401321242,100,23,77,0.23,124.56431653517139,191.6008080055908
bispectrum,shrinkage_mahalanobis,Tx4,0.9,148.93598401321242,100,15,85,0.15,114.23366425233613,176.74345327207203
bispectrum,shrinkage_mahalanobis,Tx1,0.95,165.1851294492482,100,8,92,0.08,119.45406015895131,175.9145114853455
bispectrum,shrinkage_mahalanobis,Tx2,0.95,165.1851294492482,100,7,93,0.07,111.98940367800867,167.78494881738382
bispectrum,shrinkage_mahalanobis,Tx3,0.95,165.1851294492482,100,13,87,0.13,124.56431653517139,191.6008080055908
bispectrum,shrinkage_mahalanobis,Tx4,0.95,165.1851294492482,100,10,90,0.1,114.23366425233613,176.74345327207203
bispectrum,shrinkage_mahalanobis,Tx1,0.97,174.37246045455208,100,6,94,0.06,119.45406015895131,175.9145114853455
bispectrum,shrinkage_mahalanobis,Tx2,0.97,174.37246045455208,100,5,95,0.05,111.98940367800867,167.78494881738382
bispectrum,shrinkage_mahalanobis,Tx3,0.97,174.37246045455208,100,13,87,0.13,124.56431653517139,191.6008080055908
bispectrum,shrinkage_mahalanobis,Tx4,0.97,174.37246045455208,100,6,94,0.06,114.23366425233613,176.74345327207203
