representation,method,tx,threshold_quantile,threshold,auc,accuracy,precision,recall,f1,tp,tn,fp,fn
iq,zdist,Tx5,0.9,1.6364136891424548,0.47741,0.4666666666666667,0.5909090909090909,0.13,0.21311475409836067,65,355,45,435
iq,zdist,Tx6,0.9,1.6364136891424548,0.490875,0.4666666666666667,0.5909090909090909,0.13,0.21311475409836067,65,355,45,435
iq,zdist,Tx7,0.9,1.6364136891424548,0.48863,0.4677777777777778,0.5945945945945946,0.132,0.21603927986906712,66,355,45,434
iq,zdist,Tx8,0.9,1.6364136891424548,0.453275,0.4266666666666667,0.3918918918918919,0.058,0.1010452961672474,29,355,45,471
iq,zdist,Tx5,0.95,2.370411732030558,0.47741,0.46444444444444444,0.6607142857142857,0.074,0.13309352517985612,37,381,19,463
iq,zdist,Tx6,0.95,2.370411732030558,0.490875,0.4588888888888889,0.6274509803921569,0.064,0.1161524500907441,32,381,19,468
iq,zdist,Tx7,0.95,2.370411732030558,0.48863,0.45444444444444443,0.5957446808510638,0.056,0.10237659963436928,28,381,19,472
iq,zdist,Tx8,0.95,2.370411732030558,0.453275,0.43555555555555553,0.36666666666666664,0.022,0.04150943396226415,11,381,19,489
iq,zdist,Tx5,0.97,3.013345767307876,0.47741,0.4588888888888889,0.6857142857142857,0.048,0.08971962616822429,24,389,11,476
iq,zdist,Tx6,0.97,3.013345767307876,0.490875,0.45111111111111113,0.6071428571428571,0.034,0.06439393939393939,17,389,11,483
iq,zdist,Tx7,0.97,3.013345767307876,0.48863,0.4533333333333333,0.6333333333333333,0.038,0.07169811320754715,19,389,11,481
iq,zdist,Tx8,0.97,3.013345767307876,0.453275,0.44222222222222224,0.45,0.018,0.03461538461538461,9,389,11,491
iq,pca_residual,Tx5,0.9,0.03808009378755104,0.46309,0.45666666666666667,0.5544554455445545,0.112,0.18635607321131448,56,355,45,444
iq,pca_residual,Tx6,0.9,0.03808009378755104,0.488005,0.4588888888888889,0.5631067961165048,0.116,0.19237147595356552,58,355,45,442
iq,pca_residual,Tx7,0.9,0.03808009378755104,0.491985,0.4666666666666667,0.5909090909090909,0.13,0.21311475409836067,65,355,45,435
iq,pca_residual,Tx8,0.9,0.03808009378755104,0.533615,0.48333333333333334,0.64,0.16,0.256,80,355,45,420
iq,pca_residual,Tx5,0.95,0.06798526270548154,0.46309,0.45222222222222225,0.5614035087719298,0.064,0.1149012567324955,32,375,25,468
iq,pca_residual,Tx6,0.95,0.06798526270548154,0.488005,0.4477777777777778,0.5283018867924528,0.056,0.10126582278481013,28,375,25,472
iq,pca_residual,Tx7,0.95,0.06798526270548154,0.491985,0.45222222222222225,0.5614035087719298,0.064,0.1149012567324955,32,375,25,468
iq,pca_residual,Tx8,0.95,0.06798526270548154,0.533615,0.45444444444444443,0.576271186440678,0.068,0.12164579606440071,34,375,25,466
iq,pca_residual,Tx5,0.97,0.09031788455059425,0.46309,0.4488888888888889,0.5526315789473685,0.042,0.07806691449814127,21,383,17,479
iq,pca_residual,Tx6,0.97,0.09031788455059425,0.488005,0.4444444444444444,0.5,0.034,0.06367041198501873,17,383,17,483
iq,pca_residual,Tx7,0.97,0.09031788455059425,0.491985,0.44666666666666666,0.5277777777777778,0.038,0.0708955223880597,19,383,17,481
iq,pca_residual,Tx8,0.97,0.09031788455059425,0.533615,0.4488888888888889,0.5526315789473685,0.042,0.07806691449814127,21,383,17,479
iq,shrinkage_mahalanobis,Tx5,0.9,57.50188377271842,0.47424,0.45111111111111113,0.5306122448979592,0.104,0.17391304347826086,52,354,46,448
iq,shrinkage_mahalanobis,Tx6,0.9,57.50188377271842,0.50475,0.4677777777777778,0.5929203539823009,0.134,0.21859706362153347,67,354,46,433
iq,shrinkage_mahalanobis,Tx7,0.9,57.50188377271842,0.499555,0.4588888888888889,0.5619047619047619,0.118,0.1950413223140496,59,354,46,441
iq,shrinkage_mahalanobis,Tx8,0.9,57.50188377271842,0.52212,0.43666666666666665,0.4588235294117647,0.078,0.13333333333333333,39,354,46,461
iq,shrinkage_mahalanobis,Tx5,0.95,90.204322073344,0.47424,0.4588888888888889,0.6226415094339622,0.066,0.1193490054249548,33,380,20,467
iq,shrinkage_mahalanobis,Tx6,0.95,90.204322073344,0.50475,0.45222222222222225,0.574468085106383,0.054,0.09872029250457037,27,380,20,473
iq,shrinkage_mahalanobis,Tx7,0.95,90.204322073344,0.499555,0.4533333333333333,0.5833333333333334,0.056,0.10218978102189781,28,380,20,472
iq,shrinkage_mahalanobis,Tx8,0.95,90.204322073344,0.52212,0.4388888888888889,0.42857142857142855,0.03,0.056074766355140186,15,380,20,485
iq,shrinkage_mahalanobis,Tx5,0.97,112.2178996904962,0.47424,0.45222222222222225,0.6,0.042,0.07850467289719626,21,386,14,479
iq,shrinkage_mahalanobis,Tx6,0.97,112.2178996904962,0.50475,0.45111111111111113,0.5882352941176471,0.04,0.07490636704119849,20,386,14,480
iq,shrinkage_mahalanobis,Tx7,0.97,112.2178996904962,0.499555,0.44666666666666666,0.5333333333333333,0.032,0.06037735849056604,16,386,14,484
iq,shrinkage_mahalanobis,Tx8,0.97,112.2178996904962,0.52212,0.4388888888888889,0.391304347826087,0.018,0.03441682600382409,9,386,14,491
ap,zdist,Tx5,0.9,2.234322418741458,0.489935,0.43555555555555553,0.4583333333333333,0.088,0.14765100671140938,44,348,52,456
ap,zdist,Tx6,0.9,2.234322418741458,0.486205,0.4533333333333333,0.5357142857142857,0.12,0.19607843137254902,60,348,52,440
ap,zdist,Tx7,0.9,2.234322418741458,0.480185,0.45222222222222225,0.5315315315315315,0.118,0.19312602291325692,59,348,52,441
ap,zdist,Tx8,0.9,2.234322418741458,0.51834,0.44,0.48,0.096,0.16,48,348,52,452
ap,zdist,Tx5,0.95,3.9345970107753545,0.489935,0.43777777777777777,0.4423076923076923,0.046,0.08333333333333333,23,371,29,477
ap,zdist,Tx6,0.95,3.9345970107753545,0.486205,0.44555555555555554,0.5084745762711864,0.06,0.10733452593917708,30,371,29,470
ap,zdist,Tx7,0.95,3.9345970107753545,0.480185,0.4444444444444444,0.5,0.058,0.1039426523297491,29,371,29,471
ap,zdist,Tx8,0.95,3.9345970107753545,0.51834,0.43777777777777777,0.4423076923076923,0.046,0.08333333333333333,23,371,29,477
ap,zdist,Tx5,0.97,5.4922312857992015,0.489935,0.44,0.4411764705882353,0.03,0.056179775280898875,15,381,19,485
ap,zdist,Tx6,0.97,5.4922312857992015,0.486205,0.4411111111111111,0.45714285714285713,0.032,0.059813084112149535,16,381,19,484
ap,zdist,Tx7,0.97,5.4922312857992015,0.480185,0.44,0.4411764705882353,0.03,0.056179775280898875,15,381,19,485
ap,zdist,Tx8,0.97,5.4922312857992015,0.51834,0.43222222222222223,0.2962962962962963,0.016,0.030360531309297913,8,381,19,492
ap,pca_residual,Tx5,0.9,0.03113001962609236,0.508925,0.4622222222222222,0.5816326530612245,0.114,0.19063545150501676,57,359,41,443
ap,pca_residual,Tx6,0.9,0.03113001962609236,0.55107,0.48333333333333334,0.6495726495726496,0.152,0.24635332252836303,76,359,41,424
ap,pca_residual,Tx7,0.9,0.03113001962609236,0.573665,0.4888888888888889,0.6639344262295082,0.162,0.2604501607717042,81,359,41,419
ap,pca_residual,Tx8,0.9,0.03113001962609236,0.588355,0.5166666666666667,0.7210884353741497,0.212,0.32766615146831535,106,359,41,394
ap,pca_residual,Tx5,0.95,0.04421463393260167,0.508925,0.44666666666666666,0.5227272727272727,0.046,0.08455882352941176,23,379,21,477
ap,pca_residual,Tx6,0.95,0.04421463393260167,0.55107,0.46555555555555556,0.6557377049180327,0.08,0.14260249554367202,40,379,21,460
ap,pca_residual,Tx7,0.95,0.04421463393260167,0.573665,0.4766666666666667,0.704225352112676,0.1,0.17513134851138357,50,379,21,450
ap,pca_residual,Tx8,0.95,0.04421463393260167,0.588355,0.4811111111111111,0.72,0.108,0.18782608695652173,54,379,21,446
ap,pca_residual,Tx5,0.97,0.05436550704080625,0.508925,0.4444444444444444,0.5,0.03,0.056603773584905655,15,385,15,485
ap,pca_residual,Tx6,0.97,0.05436550704080625,0.55107,0.4533333333333333,0.6052631578947368,0.046,0.08550185873605948,23,385,15,477
ap,pca_residual,Tx7,0.97,0.05436550704080625,0.573665,0.46444444444444444,0.6875,0.066,0.12043795620437955,33,385,15,467
ap,pca_residual,Tx8,0.97,0.05436550704080625,0.588355,0.46111111111111114,0.6666666666666666,0.06,0.11009174311926605,30,385,15,470
ap,shrinkage_mahalanobis,Tx5,0.9,43.59762764571232,0.491855,0.43666666666666665,0.4631578947368421,0.088,0.14789915966386555,44,349,51,456
ap,shrinkage_mahalanobis,Tx6,0.9,43.59762764571232,0.52085,0.4666666666666667,0.5819672131147541,0.142,0.2282958199356913,71,349,51,429
ap,shrinkage_mahalanobis,Tx7,0.9,43.59762764571232,0.54874,0.4588888888888889,0.5565217391304348,0.128,0.20813008130081304,64,349,51,436
ap,shrinkage_mahalanobis,Tx8,0.9,43.59762764571232,0.56697,0.4622222222222222,0.5677966101694916,0.134,0.2168284789644013,67,349,51,433
ap,shrinkage_mahalanobis,Tx5,0.95,62.64650939138125,0.491855,0.44,0.4583333333333333,0.044,0.08029197080291971,22,374,26,478
ap,shrinkage_mahalanobis,Tx6,0.95,62.64650939138125,0.52085,0.45,0.543859649122807,0.062,0.11131059245960505,31,374,26,469
ap,shrinkage_mahalanobis,Tx7,0.95,62.64650939138125,0.54874,0.45444444444444443,0.5737704918032787,0.07,0.12477718360071301,35,374,26,465
ap,shrinkage_mahalanobis,Tx8,0.95,62.64650939138125,0.56697,0.45444444444444443,0.5737704918032787,0.07,0.12477718360071301,35,374,26,465
ap,shrinkage_mahalanobis,Tx5,0.97,79.62698502634333,0.491855,0.44,0.4411764705882353,0.03,0.056179775280898875,15,381,19,485
ap,shrinkage_mahalanobis,Tx6,0.97,79.62698502634333,0.52085,0.4411111111111111,0.45714285714285713,0.032,0.059813084112149535,16,381,19,484
ap,shrinkage_mahalanobis,Tx7,0.97,79.62698502634333,0.54874,0.44555555555555554,0.5128205128205128,0.04,0.07421150278293136,20,381,19,480
ap,shrinkage_mahalanobis,Tx8,0.97,79.62698502634333,0.56697,0.44555555555555554,0.5128205128205128,0.04,0.07421150278293136,20,381,19,480
fft,zdist,Tx5,0.9,2.216901354390927,0.550305,0.4588888888888889,0.5631067961165048,0.116,0.19237147595356552,58,355,45,442
fft,zdist,Tx6,0.9,2.216901354390927,0.58329,0.45555555555555555,0.55,0.11,0.18333333333333335,55,355,45,445
fft,zdist,Tx7,0.9,2.216901354390927,0.566545,0.45444444444444443,0.5454545454545454,0.108,0.18030050083472454,54,355,45,446
fft,zdist,Tx8,0.9,2.216901354390927,0.59608,0.4688888888888889,0.5982142857142857,0.134,0.2189542483660131,67,355,45,433
fft,zdist,Tx5,0.95,2.672558117286347,0.550305,0.44555555555555554,0.5106382978723404,0.048,0.08775137111517367,24,377,23,476
fft,zdist,Tx6,0.95,2.672558117286347,0.58329,0.4533333333333333,0.5740740740740741,0.062,0.11191335740072203,31,377,23,469
fft,zdist,Tx7,0.95,2.672558117286347,0.566545,0.45111111111111113,0.5576923076923077,0.058,0.10507246376811595,29,377,23,471
fft,zdist,Tx8,0.95,2.672558117286347,0.59608,0.4666666666666667,0.6515151515151515,0.086,0.1519434628975265,43,377,23,457
fft,zdist,Tx5,0.97,3.295592376833843,0.550305,0.43666666666666665,0.37037037037037035,0.02,0.03795066413662239,10,383,17,490
fft,zdist,Tx6,0.97,3.295592376833843,0.58329,0.4488888888888889,0.5526315789473685,0.042,0.07806691449814127,21,383,17,479
fft,zdist,Tx7,0.97,3.295592376833843,0.566545,0.44,0.43333333333333335,0.026,0.0490566037735849,13,383,17,487
fft,zdist,Tx8,0.97,3.295592376833843,0.59608,0.4533333333333333,0.5952380952380952,0.05,0.09225092250922509,25,383,17,475
fft,pca_residual,Tx5,0.9,0.022759275451254404,0.475435,0.44555555555555554,0.5053763440860215,0.094,0.15851602023608768,47,354,46,453
fft,pca_residual,Tx6,0.9,0.022759275451254404,0.530895,0.46111111111111114,0.5700934579439252,0.122,0.20098846787479405,61,354,46,439
fft,pca_residual,Tx7,0.9,0.022759275451254404,0.495095,0.44222222222222224,0.4888888888888889,0.088,0.14915254237288134,44,354,46,456
fft,pca_residual,Tx8,0.9,0.022759275451254404,0.60719,0.5111111111111111,0.6973684210526315,0.212,0.32515337423312884,106,354,46,394
fft,pca_residual,Tx5,0.95,0.030290249799110793,0.475435,0.4488888888888889,0.5434782608695652,0.05,0.09157509157509157,25,379,21,475
fft,pca_residual,Tx6,0.95,0.030290249799110793,0.530895,0.4533333333333333,0.58,0.058,0.10545454545454544,29,379,21,471
fft,pca_residual,Tx7,0.95,0.030290249799110793,0.495095,0.4477777777777778,0.5333333333333333,0.048,0.08807339449541285,24,379,21,476
fft,pca_residual,Tx8,0.95,0.030290249799110793,0.60719,0.5011111111111111,0.7741935483870968,0.144,0.24283305227655985,72,379,21,428
fft,pca_residual,Tx5,0.97,0.034613460980491874,0.475435,0.44333333333333336,0.48484848484848486,0.032,0.0600375234521576,16,383,17,484
fft,pca_residual,Tx6,0.97,0.034613460980491874,0.530895,0.4444444444444444,0.5,0.034,0.06367041198501873,17,383,17,483
fft,pca_residual,Tx7,0.97,0.034613460980491874,0.495095,0.4444444444444444,0.5,0.034,0.06367041198501873,17,383,17,483
fft,pca_residual,Tx8,0.97,0.034613460980491874,0.60719,0.49666666666666665,0.7901234567901234,0.128,0.22030981067125646,64,383,17,436
fft,shrinkage_mahalanobis,Tx5,0.9,53.289187382521774,0.47826,0.4444444444444444,0.5,0.094,0.15824915824915825,47,353,47,453
fft,shrinkage_mahalanobis,Tx6,0.9,53.289187382521774,0.525,0.4666666666666667,0.5877192982456141,0.134,0.21824104234527691,67,353,47,433
fft,shrinkage_mahalanobis,Tx7,0.9,53.289187382521774,0.498925,0.4488888888888889,0.5204081632653061,0.102,0.1705685618729097,51,353,47,449
fft,shrinkage_mahalanobis,Tx8,0.9,53.289187382521774,0.5931,0.5,0.6736111111111112,0.194,0.3012422360248448,97,353,47,403
fft,shrinkage_mahalanobis,Tx5,0.95,67.36951890834402,0.47826,0.44333333333333336,0.4915254237288136,0.058,0.1037567084078712,29,370,30,471
fft,shrinkage_mahalanobis,Tx6,0.95,67.36951890834402,0.525,0.44,0.4642857142857143,0.052,0.0935251798561151,26,370,30,474
fft,shrinkage_mahalanobis,Tx7,0.95,67.36951890834402,0.498925,0.4488888888888889,0.53125,0.068,0.12056737588652483,34,370,30,466
fft,shrinkage_mahalanobis,Tx8,0.95,67.36951890834402,0.5931,0.4955555555555556,0.7169811320754716,0.152,0.2508250825082508,76,370,30,424
fft,shrinkage_mahalanobis,Tx5,0.97,82.08790720589877,0.47826,0.45,0.5862068965517241,0.034,0.06427221172022685,17,388,12,483
fft,shrinkage_mahalanobis,Tx6,0.97,82.08790720589877,0.525,0.44333333333333336,0.4782608695652174,0.022,0.04206500956022944,11,388,12,489
fft,shrinkage_mahalanobis,Tx7,0.97,82.08790720589877,0.498925,0.45222222222222225,0.6129032258064516,0.038,0.07156308851224105,19,388,12,481
fft,shrinkage_mahalanobis,Tx8,0.97,82.08790720589877,0.5931,0.48444444444444446,0.8,0.096,0.17142857142857143,48,388,12,452
stft,zdist,Tx5,0.9,1.7600977619229228,0.484115,0.44,0.4791666666666667,0.092,0.15436241610738255,46,350,50,454
stft,zdist,Tx6,0.9,1.7600977619229228,0.4986,0.46111111111111114,0.5652173913043478,0.13,0.21138211382113822,65,350,50,435
stft,zdist,Tx7,0.9,1.7600977619229228,0.46174,0.4411111111111111,0.4845360824742268,0.094,0.1574539363484087,47,350,50,453
stft,zdist,Tx8,0.9,1.7600977619229228,0.491365,0.43555555555555553,0.45652173913043476,0.084,0.14189189189189189,42,350,50,458
stft,zdist,Tx5,0.95,2.255757340590132,0.484115,0.4388888888888889,0.4528301886792453,0.048,0.0867992766726944,24,371,29,476
stft,zdist,Tx6,0.95,2.255757340590132,0.4986,0.43555555555555553,0.42,0.042,0.07636363636363637,21,371,29,479
stft,zdist,Tx7,0.95,2.255757340590132,0.46174,0.4388888888888889,0.4528301886792453,0.048,0.0867992766726944,24,371,29,476
stft,zdist,Tx8,0.95,2.255757340590132,0.491365,0.43666666666666665,0.43137254901960786,0.044,0.07985480943738656,22,371,29,478
stft,zdist,Tx5,0.97,2.7022992070449217,0.484115,0.4411111111111111,0.45454545454545453,0.03,0.056285178236397754,15,382,18,485
stft,zdist,Tx6,0.97,2.7022992070449217,0.4986,0.4411111111111111,0.45454545454545453,0.03,0.056285178236397754,15,382,18,485
stft,zdist,Tx7,0.97,2.7022992070449217,0.46174,0.4444444444444444,0.5,0.036,0.0671641791044776,18,382,18,482
stft,zdist,Tx8,0.97,2.7022992070449217,0.491365,0.43666666666666665,0.3793103448275862,0.022,0.04158790170132325,11,382,18,489
stft,pca_residual,Tx5,0.9,0.23828659563414584,0.49713,0.45222222222222225,0.5492957746478874,0.078,0.13660245183887917,39,368,32,461
stft,pca_residual,Tx6,0.9,0.23828659563414584,0.52246,0.45444444444444443,0.5616438356164384,0.082,0.14310645724258292,41,368,32,459
stft,pca_residual,Tx7,0.9,0.23828659563414584,0.506095,0.4488888888888889,0.5294117647058824,0.072,0.1267605633802817,36,368,32,464
stft,pca_residual,Tx8,0.9,0.23828659563414584,0.543835,0.44333333333333336,0.49206349206349204,0.062,0.11012433392539964,31,368,32,469
stft,pca_residual,Tx5,0.95,0.3115568331770439,0.49713,0.45,0.5714285714285714,0.04,0.07476635514018691,20,385,15,480
stft,pca_residual,Tx6,0.95,0.3115568331770439,0.52246,0.44666666666666666,0.53125,0.034,0.06390977443609024,17,385,15,483
stft,pca_residual,Tx7,0.95,0.3115568331770439,0.506095,0.4477777777777778,0.5454545454545454,0.036,0.06754221388367729,18,385,15,482
stft,pca_residual,Tx8,0.95,0.3115568331770439,0.543835,0.43555555555555553,0.3181818181818182,0.014,0.02681992337164751,7,385,15,493
stft,pca_residual,Tx5,0.97,0.3620357113382813,0.49713,0.45444444444444443,0.6956521739130435,0.032,0.061185468451242835,16,393,7,484
stft,pca_residual,Tx6,0.97,0.3620357113382813,0.52246,0.4488888888888889,0.6111111111111112,0.022,0.04247104247104247,11,393,7,489
stft,pca_residual,Tx7,0.97,0.3620357113382813,0.506095,0.44666666666666666,0.5625,0.018,0.03488372093023255,9,393,7,491
stft,pca_residual,Tx8,0.97,0.3620357113382813,0.543835,0.4388888888888889,0.2222222222222222,0.004,0.007858546168958742,2,393,7,498
stft,shrinkage_mahalanobis,Tx5,0.9,206.19293526384996,0.48903,0.45111111111111113,0.5333333333333333,0.096,0.16271186440677968,48,358,42,452
stft,shrinkage_mahalanobis,Tx6,0.9,206.19293526384996,0.50393,0.4577777777777778,0.5625,0.108,0.18120805369127516,54,358,42,446
stft,shrinkage_mahalanobis,Tx7,0.9,206.19293526384996,0.48735,0.44555555555555554,0.5058823529411764,0.086,0.147008547008547,43,358,42,457
stft,shrinkage_mahalanobis,Tx8,0.9,206.19293526384996,0.541255,0.46,0.5714285714285714,0.112,0.18729096989966557,56,358,42,444
stft,shrinkage_mahalanobis,Tx5,0.95,249.20659232688703,0.48903,0.45444444444444443,0.5818181818181818,0.064,0.11531531531531532,32,377,23,468
stft,shrinkage_mahalanobis,Tx6,0.95,249.20659232688703,0.50393,0.44555555555555554,0.5106382978723404,0.048,0.08775137111517367,24,377,23,476
stft,shrinkage_mahalanobis,Tx7,0.95,249.20659232688703,0.48735,0.4488888888888889,0.54,0.054,0.09818181818181818,27,377,23,473
stft,shrinkage_mahalanobis,Tx8,0.95,249.20659232688703,0.541255,0.45111111111111113,0.5576923076923077,0.058,0.10507246376811595,29,377,23,471
stft,shrinkage_mahalanobis,Tx5,0.97,275.08538075105446,0.48903,0.4622222222222222,0.7105263157894737,0.054,0.1003717472118959,27,389,11,473
stft,shrinkage_mahalanobis,Tx6,0.97,275.08538075105446,0.50393,0.45222222222222225,0.6206896551724138,0.036,0.06805293005671077,18,389,11,482
stft,shrinkage_mahalanobis,Tx7,0.97,275.08538075105446,0.48735,0.45555555555555555,0.65625,0.042,0.07894736842105263,21,389,11,479
stft,shrinkage_mahalanobis,Tx8,0.97,275.08538075105446,0.541255,0.46,0.6944444444444444,0.05,0.09328358208955224,25,389,11,475
cepstral,zdist,Tx5,0.9,1.932905529292956,0.523865,0.4488888888888889,0.5204081632653061,0.102,0.1705685618729097,51,353,47,449
cepstral,zdist,Tx6,0.9,1.932905529292956,0.533405,0.4577777777777778,0.5566037735849056,0.118,0.19471947194719472,59,353,47,441
cepstral,zdist,Tx7,0.9,1.932905529292956,0.48949,0.45666666666666667,0.5523809523809524,0.116,0.19173553719008266,58,353,47,442
cepstral,zdist,Tx8,0.9,1.932905529292956,0.52395,0.4122222222222222,0.27692307692307694,0.036,0.06371681415929203,18,353,47,482
cepstral,zdist,Tx5,0.95,3.082517390511777,0.523865,0.45,0.5409836065573771,0.066,0.11764705882352942,33,372,28,467
cepstral,zdist,Tx6,0.95,3.082517390511777,0.533405,0.4477777777777778,0.5254237288135594,0.062,0.11091234347048301,31,372,28,469
cepstral,zdist,Tx7,0.95,3.082517390511777,0.48949,0.45444444444444443,0.5692307692307692,0.074,0.13097345132743363,37,372,28,463
cepstral,zdist,Tx8,0.95,3.082517390511777,0.52395,0.41444444444444445,0.034482758620689655,0.002,0.003780718336483932,1,372,28,499
cepstral,zdist,Tx5,0.97,3.763604607025838,0.523865,0.4488888888888889,0.5476190476190477,0.046,0.08487084870848709,23,381,19,477
cepstral,zdist,Tx6,0.97,3.763604607025838,0.533405,0.45111111111111113,0.5681818181818182,0.05,0.09191176470588235,25,381,19,475
cepstral,zdist,Tx7,0.97,3.763604607025838,0.48949,0.45222222222222225,0.5777777777777777,0.052,0.09541284403669724,26,381,19,474
cepstral,zdist,Tx8,0.97,3.763604607025838,0.52395,0.42333333333333334,0.0,0.0,0.0,0,381,19,500
cepstral,pca_residual,Tx5,0.9,0.1910890010842814,0.44987,0.43666666666666665,0.46534653465346537,0.094,0.15640599001663893,47,346,54,453
cepstral,pca_residual,Tx6,0.9,0.1910890010842814,0.52369,0.45444444444444443,0.5384615384615384,0.126,0.20421393841166938,63,346,54,437
cepstral,pca_residual,Tx7,0.9,0.1910890010842814,0.46959,0.43666666666666665,0.46534653465346537,0.094,0.15640599001663893,47,346,54,453
cepstral,pca_residual,Tx8,0.9,0.1910890010842814,0.510365,0.44666666666666666,0.509090909090909,0.112,0.1836065573770492,56,346,54,444
cepstral,pca_residual,Tx5,0.95,0.24379822607275084,0.44987,0.4488888888888889,0.5344827586206896,0.062,0.1111111111111111,31,373,27,469
cepstral,pca_residual,Tx6,0.95,0.24379822607275084,0.52369,0.43777777777777777,0.4375,0.042,0.07664233576642338,21,373,27,479
cepstral,pca_residual,Tx7,0.95,0.24379822607275084,0.46959,0.43777777777777777,0.4375,0.042,0.07664233576642338,21,373,27,479
cepstral,pca_residual,Tx8,0.95,0.24379822607275084,0.510365,0.44,0.46,0.046,0.08363636363636365,23,373,27,477
cepstral,pca_residual,Tx5,0.97,0.27365585082985644,0.44987,0.44666666666666666,0.5217391304347826,0.048,0.08791208791208792,24,378,22,476
cepstral,pca_residual,Tx6,0.97,0.27365585082985644,0.52369,0.44,0.45,0.036,0.06666666666666667,18,378,22,482
cepstral,pca_residual,Tx7,0.97,0.27365585082985644,0.46959,0.43777777777777777,0.42105263157894735,0.032,0.05947955390334572,16,378,22,484
cepstral,pca_residual,Tx8,0.97,0.27365585082985644,0.510365,0.43333333333333335,0.35294117647058826,0.024,0.0449438202247191,12,378,22,488
cepstral,shrinkage_mahalanobis,Tx5,0.9,68.8987889141986,0.458565,0.43777777777777777,0.4727272727272727,0.104,0.17049180327868851,52,342,58,448
cepstral,shrinkage_mahalanobis,Tx6,0.9,68.8987889141986,0.516065,0.4477777777777778,0.5126050420168067,0.122,0.19709208400646203,61,342,58,439
cepstral,shrinkage_mahalanobis,Tx7,0.9,68.8987889141986,0.464055,0.43444444444444447,0.45794392523364486,0.098,0.1614497528830313,49,342,58,451
cepstral,shrinkage_mahalanobis,Tx8,0.9,68.8987889141986,0.51915,0.4388888888888889,0.4774774774774775,0.106,0.17348608837970542,53,342,58,447
cepstral,shrinkage_mahalanobis,Tx5,0.95,85.07843460636009,0.458565,0.45111111111111113,0.546875,0.07,0.12411347517730496,35,371,29,465
cepstral,shrinkage_mahalanobis,Tx6,0.95,85.07843460636009,0.516065,0.44,0.46296296296296297,0.05,0.09025270758122744,25,371,29,475
cepstral,shrinkage_mahalanobis,Tx7,0.95,85.07843460636009,0.464055,0.44,0.46296296296296297,0.05,0.09025270758122744,25,371,29,475
cepstral,shrinkage_mahalanobis,Tx8,0.95,85.07843460636009,0.51915,0.43555555555555553,0.42,0.042,0.07636363636363637,21,371,29,479
cepstral,shrinkage_mahalanobis,Tx5,0.97,92.38959742621091,0.458565,0.45222222222222225,0.5686274509803921,0.058,0.10526315789473682,29,378,22,471
cepstral,shrinkage_mahalanobis,Tx6,0.97,92.38959742621091,0.516065,0.4411111111111111,0.4634146341463415,0.038,0.07024029574861368,19,378,22,481
cepstral,shrinkage_mahalanobis,Tx7,0.97,92.38959742621091,0.464055,0.4444444444444444,0.5,0.044,0.08088235294117646,22,378,22,478
cepstral,shrinkage_mahalanobis,Tx8,0.97,92.38959742621091,0.51915,0.43444444444444447,0.37142857142857144,0.026,0.04859813084112149,13,378,22,487
cyclo,zdist,Tx5,0.9,2.7010646566288705,0.48308,0.4488888888888889,0.5181818181818182,0.114,0.18688524590163935,57,347,53,443
cyclo,zdist,Tx6,0.9,2.7010646566288705,0.491405,0.4477777777777778,0.5137614678899083,0.112,0.1839080459770115,56,347,53,444
cyclo,zdist,Tx7,0.9,2.7010646566288705,0.478045,0.44,0.4803921568627451,0.098,0.16279069767441862,49,347,53,451
cyclo,zdist,Tx8,0.9,2.7010646566288705,0.509245,0.4444444444444444,0.5,0.106,0.17491749174917492,53,347,53,447
cyclo,zdist,Tx5,0.95,4.418427323918298,0.48308,0.45111111111111113,0.5483870967741935,0.068,0.12099644128113878,34,372,28,466
cyclo,zdist,Tx6,0.95,4.418427323918298,0.491405,0.4444444444444444,0.5,0.056,0.10071942446043165,28,372,28,472
cyclo,zdist,Tx7,0.95,4.418427323918298,0.478045,0.4477777777777778,0.5254237288135594,0.062,0.11091234347048301,31,372,28,469
cyclo,zdist,Tx8,0.95,4.418427323918298,0.509245,0.4311111111111111,0.36363636363636365,0.032,0.058823529411764705,16,372,28,484
cyclo,zdist,Tx5,0.97,5.388300137259517,0.48308,0.4533333333333333,0.5869565217391305,0.054,0.0989010989010989,27,381,19,473
cyclo,zdist,Tx6,0.97,5.388300137259517,0.491405,0.44555555555555554,0.5128205128205128,0.04,0.07421150278293136,20,381,19,480
cyclo,zdist,Tx7,0.97,5.388300137259517,0.478045,0.4488888888888889,0.5476190476190477,0.046,0.08487084870848709,23,381,19,477
cyclo,zdist,Tx8,0.97,5.388300137259517,0.509245,0.43,0.24,0.012,0.022857142857142854,6,381,19,494
cyclo,pca_residual,Tx5,0.9,0.10927105774073541,0.51524,0.4677777777777778,0.5882352941176471,0.14,0.2261712439418417,70,351,49,430
cyclo,pca_residual,Tx6,0.9,0.10927105774073541,0.487835,0.4533333333333333,0.5377358490566038,0.114,0.18811881188118812,57,351,49,443
cyclo,pca_residual,Tx7,0.9,0.10927105774073541,0.491315,0.4633333333333333,0.5739130434782609,0.132,0.21463414634146344,66,351,49,434
cyclo,pca_residual,Tx8,0.9,0.10927105774073541,0.571495,0.4866666666666667,0.6397058823529411,0.174,0.27358490566037735,87,351,49,413
cyclo,pca_residual,Tx5,0.95,0.13522950985885343,0.51524,0.46111111111111114,0.6,0.09,0.1565217391304348,45,370,30,455
cyclo,pca_residual,Tx6,0.95,0.13522950985885343,0.487835,0.44222222222222224,0.4827586206896552,0.056,0.1003584229390681,28,370,30,472
cyclo,pca_residual,Tx7,0.95,0.13522950985885343,0.491315,0.45222222222222225,0.5522388059701493,0.074,0.13051146384479717,37,370,30,463
cyclo,pca_residual,Tx8,0.95,0.13522950985885343,0.571495,0.46555555555555556,0.620253164556962,0.098,0.16925734024179623,49,370,30,451
cyclo,pca_residual,Tx5,0.97,0.16739378251520456,0.51524,0.45666666666666667,0.6222222222222222,0.056,0.10275229357798166,28,383,17,472
cyclo,pca_residual,Tx6,0.97,0.16739378251520456,0.487835,0.4411111111111111,0.45161290322580644,0.028,0.052730696798493404,14,383,17,486
cyclo,pca_residual,Tx7,0.97,0.16739378251520456,0.491315,0.44666666666666666,0.5277777777777778,0.038,0.0708955223880597,19,383,17,481
cyclo,pca_residual,Tx8,0.97,0.16739378251520456,0.571495,0.4577777777777778,0.6304347826086957,0.058,0.10622710622710624,29,383,17,471
cyclo,shrinkage_mahalanobis,Tx5,0.9,59.1535376885703,0.49414,0.46555555555555556,0.5693430656934306,0.156,0.24489795918367344,78,341,59,422
cyclo,shrinkage_mahalanobis,Tx6,0.9,59.1535376885703,0.477325,0.43777777777777777,0.4732142857142857,0.106,0.17320261437908496,53,341,59,447
cyclo,shrinkage_mahalanobis,Tx7,0.9,59.1535376885703,0.483385,0.44222222222222224,0.49137931034482757,0.114,0.18506493506493504,57,341,59,443
cyclo,shrinkage_mahalanobis,Tx8,0.9,59.1535376885703,0.54082,0.4766666666666667,0.5986394557823129,0.176,0.27202472952086554,88,341,59,412
cyclo,shrinkage_mahalanobis,Tx5,0.95,85.20422408100487,0.49414,0.45,0.5373134328358209,0.072,0.12698412698412698,36,369,31,464
cyclo,shrinkage_mahalanobis,Tx6,0.95,85.20422408100487,0.477325,0.4388888888888889,0.45614035087719296,0.052,0.09335727109515259,26,369,31,474
cyclo,shrinkage_mahalanobis,Tx7,0.95,85.20422408100487,0.483385,0.44333333333333336,0.4918032786885246,0.06,0.10695187165775401,30,369,31,470
cyclo,shrinkage_mahalanobis,Tx8,0.95,85.20422408100487,0.54082,0.46111111111111114,0.5974025974025974,0.092,0.15944540727902948,46,369,31,454
cyclo,shrinkage_mahalanobis,Tx5,0.97,106.91329559464697,0.49414,0.4488888888888889,0.5454545454545454,0.048,0.08823529411764705,24,380,20,476
cyclo,shrinkage_mahalanobis,Tx6,0.97,106.91329559464697,0.477325,0.43777777777777777,0.4117647058823529,0.028,0.05243445692883895,14,380,20,486
cyclo,shrinkage_mahalanobis,Tx7,0.97,106.91329559464697,0.483385,0.44222222222222224,0.47368421052631576,0.036,0.06691449814126395,18,380,20,482
cyclo,shrinkage_mahalanobis,Tx8,0.97,106.91329559464697,0.54082,0.45222222222222225,0.574468085106383,0.054,0.09872029250457037,27,380,20,473
hos,zdist,Tx5,0.9,1.4253785109495722,0.4809,0.44333333333333336,0.4954128440366973,0.108,0.17733990147783252,54,345,55,446
hos,zdist,Tx6,0.9,1.4253785109495722,0.50223,0.44666666666666666,0.5089285714285714,0.114,0.18627450980392157,57,345,55,443
hos,zdist,Tx7,0.9,1.4253785109495722,0.496905,0.4411111111111111,0.48598130841121495,0.104,0.17133443163097198,52,345,55,448
hos,zdist,Tx8,0.9,1.4253785109495722,0.48449,0.44,0.4811320754716981,0.102,0.1683168316831683,51,345,55,449
hos,zdist,Tx5,0.95,2.882970751320241,0.4809,0.43555555555555553,0.43548387096774194,0.054,0.09608540925266904,27,365,35,473
hos,zdist,Tx6,0.95,2.882970751320241,0.50223,0.43333333333333335,0.4166666666666667,0.05,0.08928571428571429,25,365,35,475
hos,zdist,Tx7,0.95,2.882970751320241,0.496905,0.43333333333333335,0.4166666666666667,0.05,0.08928571428571429,25,365,35,475
hos,zdist,Tx8,0.95,2.882970751320241,0.48449,0.4211111111111111,0.2857142857142857,0.028,0.05100182149362477,14,365,35,486
hos,zdist,Tx5,0.97,3.797577785152134,0.4809,0.44555555555555554,0.5121951219512195,0.042,0.07763401109057301,21,380,20,479
hos,zdist,Tx6,0.97,3.797577785152134,0.50223,0.44666666666666666,0.5238095238095238,0.044,0.08118081180811806,22,380,20,478
hos,zdist,Tx7,0.97,3.797577785152134,0.496905,0.44,0.4444444444444444,0.032,0.059701492537313425,16,380,20,484
hos,zdist,Tx8,0.97,3.797577785152134,0.48449,0.43222222222222223,0.3103448275862069,0.018,0.034026465028355386,9,380,20,491
hos,pca_residual,Tx5,0.9,0.1008473594234467,0.476655,0.43666666666666665,0.4666666666666667,0.098,0.1619834710743802,49,344,56,451
hos,pca_residual,Tx6,0.9,0.1008473594234467,0.49731,0.44222222222222224,0.4909090909090909,0.108,0.17704918032786884,54,344,56,446
hos,pca_residual,Tx7,0.9,0.1008473594234467,0.498595,0.4488888888888889,0.5172413793103449,0.12,0.1948051948051948,60,344,56,440
hos,pca_residual,Tx8,0.9,0.1008473594234467,0.54306,0.45555555555555555,0.5409836065573771,0.132,0.21221864951768488,66,344,56,434
hos,pca_residual,Tx5,0.95,0.17072969711759664,0.476655,0.44333333333333336,0.4918032786885246,0.06,0.10695187165775401,30,369,31,470
hos,pca_residual,Tx6,0.95,0.17072969711759664,0.49731,0.43333333333333335,0.40384615384615385,0.042,0.07608695652173914,21,369,31,479
hos,pca_residual,Tx7,0.95,0.17072969711759664,0.498595,0.4388888888888889,0.45614035087719296,0.052,0.09335727109515259,26,369,31,474
hos,pca_residual,Tx8,0.95,0.17072969711759664,0.54306,0.45,0.5373134328358209,0.072,0.12698412698412698,36,369,31,464
hos,pca_residual,Tx5,0.97,0.25674548736235087,0.476655,0.4411111111111111,0.4634146341463415,0.038,0.07024029574861368,19,378,22,481
hos,pca_residual,Tx6,0.97,0.25674548736235087,0.49731,0.43666666666666665,0.40540540540540543,0.03,0.0558659217877095,15,378,22,485
hos,pca_residual,Tx7,0.97,0.25674548736235087,0.498595,0.43666666666666665,0.40540540540540543,0.03,0.0558659217877095,15,378,22,485
hos,pca_residual,Tx8,0.97,0.25674548736235087,0.54306,0.4411111111111111,0.4634146341463415,0.038,0.07024029574861368,19,378,22,481
hos,shrinkage_mahalanobis,Tx5,0.9,66.59964181333346,0.47902,0.43666666666666665,0.4700854700854701,0.11,0.17828200972447325,55,338,62,445
hos,shrinkage_mahalanobis,Tx6,0.9,66.59964181333346,0.51431,0.44,0.48333333333333334,0.116,0.18709677419354837,58,338,62,442
hos,shrinkage_mahalanobis,Tx7,0.9,66.59964181333346,0.51343,0.43555555555555553,0.46551724137931033,0.108,0.17532467532467533,54,338,62,446
hos,shrinkage_mahalanobis,Tx8,0.9,66.59964181333346,0.50713,0.44222222222222224,0.4918032786885246,0.12,0.19292604501607716,60,338,62,440
hos,shrinkage_mahalanobis,Tx5,0.95,105.51236947610079,0.47902,0.44,0.4666666666666667,0.056,0.09999999999999999,28,368,32,472
hos,shrinkage_mahalanobis,Tx6,0.95,105.51236947610079,0.51431,0.43555555555555553,0.42857142857142855,0.048,0.08633093525179857,24,368,32,476
hos,shrinkage_mahalanobis,Tx7,0.95,105.51236947610079,0.51343,0.43666666666666665,0.43859649122807015,0.05,0.08976660682226212,25,368,32,475
hos,shrinkage_mahalanobis,Tx8,0.95,105.51236947610079,0.50713,0.44666666666666666,0.5151515151515151,0.068,0.12014134275618374,34,368,32,466
hos,shrinkage_mahalanobis,Tx5,0.97,147.697641100332,0.47902,0.44555555555555554,0.5128205128205128,0.04,0.07421150278293136,20,381,19,480
hos,shrinkage_mahalanobis,Tx6,0.97,147.697641100332,0.51431,0.44,0.4411764705882353,0.03,0.056179775280898875,15,381,19,485
hos,shrinkage_mahalanobis,Tx7,0.97,147.697641100332,0.51343,0.44,0.4411764705882353,0.03,0.056179775280898875,15,381,19,485
hos,shrinkage_mahalanobis,Tx8,0.97,147.697641100332,0.50713,0.44555555555555554,0.5128205128205128,0.04,0.07421150278293136,20,381,19,480
bispectrum,zdist,Tx5,0.9,1.8687000169482286,0.502595,0.4477777777777778,0.5151515151515151,0.102,0.1702838063439065,51,352,48,449
bispectrum,zdist,Tx6,0.9,1.8687000169482286,0.55101,0.4577777777777778,0.5555555555555556,0.12,0.19736842105263158,60,352,48,440
bispectrum,zdist,Tx7,0.9,1.8687000169482286,0.53244,0.48,0.625,0.16,0.25477707006369427,80,352,48,420
bispectrum,zdist,Tx8,0.9,1.8687000169482286,0.51674,0.4444444444444444,0.5,0.096,0.16107382550335572,48,352,48,452
bispectrum,zdist,Tx5,0.95,2.479539120120218,0.502595,0.45,0.5423728813559322,0.064,0.11449016100178892,32,373,27,468
bispectrum,zdist,Tx6,0.95,2.479539120120218,0.55101,0.4444444444444444,0.5,0.054,0.09747292418772563,27,373,27,473
bispectrum,zdist,Tx7,0.95,2.479539120120218,0.53244,0.45555555555555555,0.578125,0.074,0.13120567375886524,37,373,27,463
bispectrum,zdist,Tx8,0.95,2.479539120120218,0.51674,0.44,0.46,0.046,0.08363636363636365,23,373,27,477
bispectrum,zdist,Tx5,0.97,2.9288096341478314,0.502595,0.4533333333333333,0.5952380952380952,0.05,0.09225092250922509,25,383,17,475
bispectrum,zdist,Tx6,0.97,2.9288096341478314,0.55101,0.44333333333333336,0.48484848484848486,0.032,0.0600375234521576,16,383,17,484
bispectrum,zdist,Tx7,0.97,2.9288096341478314,0.53244,0.45111111111111113,0.575,0.046,0.08518518518518518,23,383,17,477
bispectrum,zdist,Tx8,0.97,2.9288096341478314,0.51674,0.44222222222222224,0.46875,0.03,0.05639097744360901,15,383,17,485
bispectrum,pca_residual,Tx5,0.9,0.25684710812050676,0.4783,0.46111111111111114,0.5728155339805825,0.118,0.1956882255389718,59,356,44,441
bispectrum,pca_residual,Tx6,0.9,0.25684710812050676,0.530585,0.48333333333333334,0.6422764227642277,0.158,0.2536115569823435,79,356,44,421
bispectrum,pca_residual,Tx7,0.9,0.25684710812050676,0.516835,0.46,0.5686274509803921,0.116,0.1926910299003322,58,356,44,442
bispectrum,pca_residual,Tx8,0.9,0.25684710812050676,0.494255,0.4477777777777778,0.5164835164835165,0.094,0.15905245346869715,47,356,44,453
bispectrum,pca_residual,Tx5,0.95,0.27957529271548703,0.4783,0.4577777777777778,0.5857142857142857,0.082,0.14385964912280705,41,371,29,459
bispectrum,pca_residual,Tx6,0.95,0.27957529271548703,0.530585,0.4633333333333333,0.6133333333333333,0.092,0.16,46,371,29,454
bispectrum,pca_residual,Tx7,0.95,0.27957529271548703,0.516835,0.45222222222222225,0.5538461538461539,0.072,0.12743362831858407,36,371,29,464
bispectrum,pca_residual,Tx8,0.95,0.27957529271548703,0.494255,0.44666666666666666,0.5166666666666667,0.062,0.11071428571428572,31,371,29,469
bispectrum,pca_residual,Tx5,0.97,0.2986518549099864,0.4783,0.45555555555555555,0.625,0.05,0.09259259259259259,25,385,15,475
bispectrum,pca_residual,Tx6,0.97,0.2986518549099864,0.530585,0.4633333333333333,0.6808510638297872,0.064,0.11700182815356491,32,385,15,468
bispectrum,pca_residual,Tx7,0.97,0.2986518549099864,0.516835,0.45666666666666667,0.6341463414634146,0.052,0.09611829944547134,26,385,15,474
bispectrum,pca_residual,Tx8,0.97,0.2986518549099864,0.494255,0.4477777777777778,0.5454545454545454,0.036,0.06754221388367729,18,385,15,482
bispectrum,shrinkage_mahalanobis,Tx5,0.9,148.93598401321242,0.475665,0.4533333333333333,0.5263157894736842,0.16,0.24539877300613497,80,328,72,420
bispectrum,shrinkage_mahalanobis,Tx6,0.9,148.93598401321242,0.536105,0.4811111111111111,0.5932203389830508,0.21,0.310192023633678,105,328,72,395
bispectrum,shrinkage_mahalanobis,Tx7,0.9,148.93598401321242,0.538595,0.4955555555555556,0.6210526315789474,0.236,0.34202898550724636,118,328,72,382
bispectrum,shrinkage_mahalanobis,Tx8,0.9,148.93598401321242,0.504835,0.4477777777777778,0.5102040816326531,0.15,0.23183925811437403,75,328,72,425
bispectrum,shrinkage_mahalanobis,Tx5,0.95,165.1851294492482,0.475665,0.45,0.5308641975308642,0.086,0.14802065404475043,43,362,38,457
bispectrum,shrinkage_mahalanobis,Tx6,0.95,165.1851294492482,0.536105,0.4811111111111111,0.6513761467889908,0.142,0.23316912972085382,71,362,38,429
bispectrum,shrinkage_mahalanobis,Tx7,0.95,165.1851294492482,0.538595,0.48444444444444446,0.6607142857142857,0.148,0.24183006535947713,74,362,38,426
bispectrum,shrinkage_mahalanobis,Tx8,0.95,165.1851294492482,0.504835,0.44222222222222224,0.4864864864864865,0.072,0.12543554006968644,36,362,38,464
bispectrum,shrinkage_mahalanobis,Tx5,0.97,174.37246045455208,0.475665,0.44222222222222224,0.4827586206896552,0.056,0.1003584229390681,28,370,30,472
bispectrum,shrinkage_mahalanobis,Tx6,0.97,174.37246045455208,0.536105,0.47333333333333333,0.6511627906976745,0.112,0.19112627986348124,56,370,30,444
bispectrum,shrinkage_mahalanobis,Tx7,0.97,174.37246045455208,0.538595,0.4722222222222222,0.6470588235294118,0.11,0.18803418803418803,55,370,30,445
bispectrum,shrinkage_mahalanobis,Tx8,0.97,174.37246045455208,0.504835,0.44,0.4642857142857143,0.052,0.0935251798561151,26,370,30,474
