pair,method,threshold_quantile,threshold,auc,accuracy,precision,recall,f1,tp,tn,fp,fn
iq:ap,relation_zdist,0.9,2.1936066669799654,0.4673428571428571,0.17888888888888888,0.9689655172413794,0.16057142857142856,0.27549019607843134,562,82,18,2938
iq:ap,relation_zdist,0.95,4.094393708157549,0.4673428571428571,0.13583333333333333,0.9732360097323601,0.11428571428571428,0.2045512656609563,400,89,11,3100
iq:ap,relation_zdist,0.97,6.199780105517112,0.4673428571428571,0.10555555555555556,0.972972972972973,0.08228571428571428,0.15173867228661747,288,92,8,3212
iq:ap,relation_pca_residual,0.9,0.3308703881681182,0.48915714285714285,0.20722222222222222,0.9708454810495627,0.19028571428571428,0.31820353559483994,666,80,20,2834
iq:ap,relation_pca_residual,0.95,0.455325973792303,0.48915714285714285,0.17944444444444443,0.975609756097561,0.16,0.27491408934707906,560,86,14,2940
iq:ap,relation_pca_residual,0.97,0.6024711527504768,0.48915714285714285,0.15916666666666668,0.9797160243407708,0.138,0.24192336589030802,483,90,10,3017
iq:ap,relation_shrinkage_mahalanobis,0.9,76.62523901877604,0.4969314285714286,0.1875,0.9705400981996727,0.16942857142857143,0.2884942836292873,593,82,18,2907
iq:ap,relation_shrinkage_mahalanobis,0.95,113.3672687716927,0.4969314285714286,0.15833333333333333,0.9776422764227642,0.13742857142857143,0.24098196392785576,481,89,11,3019
iq:ap,relation_shrinkage_mahalanobis,0.97,159.59290683908955,0.4969314285714286,0.13111111111111112,0.9720812182741116,0.10942857142857143,0.19671289162814587,383,89,11,3117
iq:fft,relation_zdist,0.9,2.1202654970240014,0.5078,0.19083333333333333,0.9741518578352181,0.1722857142857143,0.29278951201748,603,84,16,2897
iq:fft,relation_zdist,0.95,4.116130996344741,0.5078,0.14472222222222222,0.9816933638443935,0.12257142857142857,0.2179324358648717,429,92,8,3071
iq:fft,relation_zdist,0.97,6.801508390694461,0.5078,0.10583333333333333,0.9795221843003413,0.082,0.1513313999472713,287,94,6,3213
iq:fft,relation_pca_residual,0.9,0.37484862524459533,0.5089885714285715,0.2136111111111111,0.9665271966527197,0.198,0.328669670381788,693,76,24,2807
iq:fft,relation_pca_residual,0.95,0.5633826118868043,0.5089885714285715,0.18388888888888888,0.9746621621621622,0.16485714285714287,0.2820136852394917,577,85,15,2923
iq:fft,relation_pca_residual,0.97,0.7121067379446442,0.5089885714285715,0.16416666666666666,0.9785575048732943,0.14342857142857143,0.2501868925990531,502,89,11,2998
iq:fft,relation_shrinkage_mahalanobis,0.9,65.60273677564437,0.5178457142857142,0.2075,0.9708879184861717,0.19057142857142856,0.31860520659183184,667,80,20,2833
iq:fft,relation_shrinkage_mahalanobis,0.95,120.50920538783889,0.5178457142857142,0.16083333333333333,0.9838383838383838,0.13914285714285715,0.2438047559449312,487,92,8,3013
iq:fft,relation_shrinkage_mahalanobis,0.97,173.33074307822324,0.5178457142857142,0.1325,0.9820971867007673,0.10971428571428571,0.19737856592135697,384,93,7,3116
iq:stft,relation_zdist,0.9,1.9619480421201443,0.46102,0.16305555555555556,0.9673704414587332,0.144,0.25068390947525493,504,83,17,2996
iq:stft,relation_zdist,0.95,3.0980557410437792,0.46102,0.105,0.9602649006622517,0.08285714285714285,0.15255128879537083,290,88,12,3210
iq:stft,relation_zdist,0.97,3.8265974562766836,0.46102,0.09083333333333334,0.9670781893004116,0.06714285714285714,0.12556772642265565,235,92,8,3265
iq:stft,relation_pca_residual,0.9,0.4263801154015615,0.44090285714285715,0.1913888888888889,0.9696969696969697,0.1737142857142857,0.29464502059607467,608,81,19,2892
iq:stft,relation_pca_residual,0.95,0.6198071190437213,0.44090285714285715,0.13333333333333333,0.9679802955665024,0.11228571428571428,0.20122887864823347,393,87,13,3107
iq:stft,relation_pca_residual,0.97,0.8587868667117514,0.44090285714285715,0.10305555555555555,0.9656357388316151,0.08028571428571428,0.14824584542337116,281,90,10,3219
iq:stft,relation_shrinkage_mahalanobis,0.9,64.59875194214567,0.4746114285714286,0.16722222222222222,0.9700374531835206,0.148,0.25681705503222607,518,84,16,2982
iq:stft,relation_shrinkage_mahalanobis,0.95,93.5719772397208,0.4746114285714286,0.12027777777777778,0.9663865546218487,0.09857142857142857,0.1788955146486907,345,88,12,3155
iq:stft,relation_shrinkage_mahalanobis,0.97,130.66764009807395,0.4746114285714286,0.09166666666666666,0.967479674796748,0.068,0.12706887346502937,238,92,8,3262
iq:cepstral,relation_zdist,0.9,2.3465321924913014,0.47397428571428574,0.17916666666666667,0.9755671902268761,0.15971428571428573,0.2744905475079794,559,86,14,2941
iq:cepstral,relation_zdist,0.95,3.4357309545010772,0.47397428571428574,0.14583333333333334,0.9796839729119639,0.124,0.2201369515597261,434,91,9,3066
iq:cepstral,relation_zdist,0.97,4.178238976391249,0.47397428571428574,0.1275,0.9761273209549072,0.10514285714285715,0.1898375032241424,368,91,9,3132
iq:cepstral,relation_pca_residual,0.9,0.45101168761224925,0.46736,0.21444444444444444,0.9772727272727273,0.19657142857142856,0.3273073263558516,688,84,16,2812
iq:cepstral,relation_pca_residual,0.95,0.6349812384077802,0.46736,0.17888888888888888,0.9771929824561404,0.15914285714285714,0.2737100737100737,557,87,13,2943
iq:cepstral,relation_pca_residual,0.97,0.734465154757911,0.46736,0.16194444444444445,0.9782178217821782,0.14114285714285715,0.24669163545568037,494,89,11,3006
iq:cepstral,relation_shrinkage_mahalanobis,0.9,70.53634908919153,0.4866142857142857,0.19916666666666666,0.9768160741885626,0.18057142857142858,0.3047986496262359,632,85,15,2868
iq:cepstral,relation_shrinkage_mahalanobis,0.95,99.84591877028917,0.4866142857142857,0.1638888888888889,0.9766536964980544,0.14342857142857143,0.2501245640259094,502,88,12,2998
iq:cepstral,relation_shrinkage_mahalanobis,0.97,119.00337598013628,0.4866142857142857,0.14722222222222223,0.9756637168141593,0.126,0.22317813765182185,441,89,11,3059
iq:cyclo,relation_zdist,0.9,2.002809893805134,0.45511142857142856,0.19527777777777777,0.9839486356340289,0.17514285714285716,0.29735629396070823,613,90,10,2887
iq:cyclo,relation_zdist,0.95,3.0830464592763946,0.45511142857142856,0.16527777777777777,0.9843444227005871,0.1437142857142857,0.2508102717526801,503,92,8,2997
iq:cyclo,relation_zdist,0.97,4.163060936430192,0.45511142857142856,0.14444444444444443,0.9838709677419355,0.122,0.21708185053380785,427,93,7,3073
iq:cyclo,relation_pca_residual,0.9,0.30782038945061085,0.4564057142857143,0.23666666666666666,0.9747474747474747,0.22057142857142858,0.3597390493942218,772,80,20,2728
iq:cyclo,relation_pca_residual,0.95,0.4636103160684118,0.4564057142857143,0.1897222222222222,0.9786535303776683,0.1702857142857143,0.2900949136042833,596,87,13,2904
iq:cyclo,relation_pca_residual,0.97,0.6385674656966498,0.4564057142857143,0.16583333333333333,0.9825242718446602,0.14457142857142857,0.2520547945205479,506,91,9,2994
iq:cyclo,relation_shrinkage_mahalanobis,0.9,62.497039047324165,0.47258285714285714,0.21166666666666667,0.9783236994219653,0.19342857142857142,0.32299618320610685,677,85,15,2823
iq:cyclo,relation_shrinkage_mahalanobis,0.95,97.15513692791318,0.47258285714285714,0.17416666666666666,0.9834862385321101,0.15314285714285714,0.2650185414091471,536,91,9,2964
iq:cyclo,relation_shrinkage_mahalanobis,0.97,125.0412912637758,0.47258285714285714,0.16194444444444445,0.9859154929577465,0.14,0.24518388791593693,490,93,7,3010
iq:hos,relation_zdist,0.9,1.8756171628484728,0.49207428571428574,0.1725,0.9727767695099818,0.15314285714285714,0.2646260182670945,536,85,15,2964
iq:hos,relation_zdist,0.95,3.378706017636429,0.49207428571428574,0.12611111111111112,0.9783783783783784,0.10342857142857143,0.18708010335917313,362,92,8,3138
iq:hos,relation_zdist,0.97,6.258668554927455,0.49207428571428574,0.08333333333333333,0.9716981132075472,0.05885714285714286,0.11099137931034483,206,94,6,3294
iq:hos,relation_pca_residual,0.9,0.31219311340297146,0.5785342857142857,0.22055555555555556,0.9689189189189189,0.20485714285714285,0.33820754716981133,717,77,23,2783
iq:hos,relation_pca_residual,0.95,0.5694096534292699,0.5785342857142857,0.15222222222222223,0.9686192468619247,0.13228571428571428,0.23278029160382102,463,85,15,3037
iq:hos,relation_pca_residual,0.97,0.6241290902816569,0.5785342857142857,0.14166666666666666,0.9659090909090909,0.12142857142857143,0.21573604060913706,425,85,15,3075
iq:hos,relation_shrinkage_mahalanobis,0.9,67.17072361618676,0.5056485714285714,0.18055555555555555,0.9741379310344828,0.16142857142857142,0.2769607843137255,565,85,15,2935
iq:hos,relation_shrinkage_mahalanobis,0.95,102.17699682381406,0.5056485714285714,0.1461111111111111,0.9712389380530974,0.12542857142857142,0.222165991902834,439,87,13,3061
iq:hos,relation_shrinkage_mahalanobis,0.97,176.7347686514548,0.5056485714285714,0.10166666666666667,0.9716312056737588,0.07828571428571429,0.14489687995769435,274,92,8,3226
iq:bispectrum,relation_zdist,0.9,2.178578124494024,0.50012,0.17694444444444443,0.9752212389380531,0.15742857142857142,0.27109471094710946,551,86,14,2949
iq:bispectrum,relation_zdist,0.95,3.180723628567587,0.50012,0.13277777777777777,0.9821428571428571,0.11,0.19784172661870503,385,93,7,3115
iq:bispectrum,relation_zdist,0.97,4.39234466640433,0.50012,0.09972222222222223,0.9850187265917603,0.07514285714285714,0.13963366073798775,263,96,4,3237
iq:bispectrum,relation_pca_residual,0.9,0.4710847113462169,0.5038742857142857,0.2175,0.9736477115117892,0.20057142857142857,0.3326226012793177,702,81,19,2798
iq:bispectrum,relation_pca_residual,0.95,0.6180485766756559,0.5038742857142857,0.17,0.9723247232472325,0.15057142857142858,0.2607619990103909,527,85,15,2973
iq:bispectrum,relation_pca_residual,0.97,0.7414062558156816,0.5038742857142857,0.14722222222222223,0.9694323144104804,0.12685714285714286,0.224355735219808,444,86,14,3056
iq:bispectrum,relation_shrinkage_mahalanobis,0.9,62.95348948921342,0.5041428571428571,0.20055555555555554,0.9726443768996961,0.18285714285714286,0.3078403078403078,640,82,18,2860
iq:bispectrum,relation_shrinkage_mahalanobis,0.95,95.36985163947169,0.5041428571428571,0.14694444444444443,0.9735099337748344,0.126,0.22312167973690866,441,88,12,3059
iq:bispectrum,relation_shrinkage_mahalanobis,0.97,116.06736581801137,0.5041428571428571,0.1225,0.9802816901408451,0.09942857142857142,0.18054474708171203,348,93,7,3152
ap:fft,relation_zdist,0.9,2.3965731894537416,0.5411942857142857,0.17972222222222223,0.9723661485319517,0.16085714285714287,0.2760480509928904,563,84,16,2937
ap:fft,relation_zdist,0.95,4.0240216657458605,0.5411942857142857,0.12527777777777777,0.9782016348773842,0.10257142857142858,0.1856736488233773,359,92,8,3141
ap:fft,relation_zdist,0.97,4.981447103127047,0.5411942857142857,0.10944444444444444,0.9803921568627451,0.08571428571428572,0.15764582238570676,300,94,6,3200
ap:fft,relation_pca_residual,0.9,0.3678824543186836,0.5336971428571429,0.22611111111111112,0.9697368421052631,0.21057142857142858,0.3460093896713615,737,77,23,2763
ap:fft,relation_pca_residual,0.95,0.5356015054100896,0.5336971428571429,0.18083333333333335,0.9758203799654577,0.16142857142857142,0.277028683500858,565,86,14,2935
ap:fft,relation_pca_residual,0.97,0.6286592997121759,0.5336971428571429,0.16055555555555556,0.9760956175298805,0.14,0.2448775612193903,490,88,12,3010
ap:fft,relation_shrinkage_mahalanobis,0.9,67.76606329552882,0.5380914285714286,0.20333333333333334,0.9716417910447761,0.186,0.3122302158273381,651,81,19,2849
ap:fft,relation_shrinkage_mahalanobis,0.95,100.55782042785074,0.5380914285714286,0.15611111111111112,0.9714285714285714,0.136,0.23859649122807017,476,86,14,3024
ap:fft,relation_shrinkage_mahalanobis,0.97,125.05764947995415,0.5380914285714286,0.13361111111111112,0.9798488664987406,0.11114285714285714,0.19964074929432896,389,92,8,3111
ap:stft,relation_zdist,0.9,2.104531824000417,0.5020114285714286,0.1688888888888889,0.9669117647058824,0.15028571428571427,0.2601384767556874,526,82,18,2974
ap:stft,relation_zdist,0.95,3.0060418911623805,0.5020114285714286,0.11305555555555556,0.9723076923076923,0.09028571428571429,0.16522875816993465,316,91,9,3184
ap:stft,relation_zdist,0.97,3.6639071213826053,0.5020114285714286,0.08972222222222222,0.9665271966527197,0.066,0.12356244985290185,231,92,8,3269
ap:stft,relation_pca_residual,0.9,0.463261968234968,0.49632,0.2386111111111111,0.9726027397260274,0.22314285714285714,0.3630025563560307,781,78,22,2719
ap:stft,relation_pca_residual,0.95,0.6087415884254794,0.49632,0.16666666666666666,0.9716981132075472,0.14714285714285713,0.25558312655086846,515,85,15,2985
ap:stft,relation_pca_residual,0.97,0.7686341881566623,0.49632,0.1238888888888889,0.9625668449197861,0.10285714285714286,0.1858544140423335,360,86,14,3140
ap:stft,relation_shrinkage_mahalanobis,0.9,67.00498109608992,0.4993742857142857,0.1775,0.9670710571923743,0.15942857142857142,0.2737306843267108,558,81,19,2942
ap:stft,relation_shrinkage_mahalanobis,0.95,87.07377156640155,0.4993742857142857,0.1322222222222222,0.9723618090452262,0.11057142857142857,0.19856336582863007,387,89,11,3113
ap:stft,relation_shrinkage_mahalanobis,0.97,99.75664514194973,0.4993742857142857,0.1125,0.9721362229102167,0.08971428571428572,0.164268898770599,314,91,9,3186
ap:cepstral,relation_zdist,0.9,1.997251014921046,0.5175028571428572,0.20944444444444443,0.9752906976744186,0.19171428571428573,0.3204393505253105,671,83,17,2829
ap:cepstral,relation_zdist,0.95,3.173417569778027,0.5175028571428572,0.13472222222222222,0.9706601466992665,0.11342857142857143,0.20312100281401893,397,88,12,3103
ap:cepstral,relation_zdist,0.97,3.559233539786549,0.5175028571428572,0.12,0.9715909090909091,0.09771428571428571,0.17757009345794392,342,90,10,3158
ap:cepstral,relation_pca_residual,0.9,0.42761150905500406,0.51534,0.20583333333333334,0.9762258543833581,0.18771428571428572,0.31488138030194107,657,84,16,2843
ap:cepstral,relation_pca_residual,0.95,0.6878663016686066,0.51534,0.1413888888888889,0.9658314350797267,0.12114285714285715,0.2152830667682153,424,85,15,3076
ap:cepstral,relation_pca_residual,0.97,0.8075346637515278,0.51534,0.12027777777777778,0.9637883008356546,0.09885714285714285,0.1793210676341021,346,87,13,3154
ap:cepstral,relation_shrinkage_mahalanobis,0.9,61.886436165916756,0.5207714285714286,0.22277777777777777,0.975609756097561,0.2057142857142857,0.33978291647003306,720,82,18,2780
ap:cepstral,relation_shrinkage_mahalanobis,0.95,91.99967768246577,0.5207714285714286,0.15527777777777776,0.9693251533742331,0.13542857142857143,0.2376535472549511,474,85,15,3026
ap:cepstral,relation_shrinkage_mahalanobis,0.97,109.50440698888754,0.5207714285714286,0.13416666666666666,0.9659367396593674,0.11342857142857143,0.20301713116849912,397,86,14,3103
ap:cyclo,relation_zdist,0.9,2.179653837200655,0.5295885714285714,0.19555555555555557,0.9778481012658228,0.17657142857142857,0.29912875121006777,618,86,14,2882
ap:cyclo,relation_zdist,0.95,3.2184991025406253,0.5295885714285714,0.16111111111111112,0.9761904761904762,0.14057142857142857,0.24575424575424573,492,88,12,3008
ap:cyclo,relation_zdist,0.97,3.8984714810183454,0.5295885714285714,0.14222222222222222,0.9768518518518519,0.12057142857142857,0.21464903357070192,422,90,10,3078
ap:cyclo,relation_pca_residual,0.9,0.37238457147817444,0.5419657142857143,0.26166666666666666,0.9751693002257337,0.24685714285714286,0.3939808481532148,864,78,22,2636
ap:cyclo,relation_pca_residual,0.95,0.5120566017940897,0.5419657142857143,0.20527777777777778,0.9733333333333334,0.18771428571428572,0.3147305389221557,657,82,18,2843
ap:cyclo,relation_pca_residual,0.97,0.5951177483821816,0.5419657142857143,0.18444444444444444,0.9779661016949153,0.16485714285714287,0.2821515892420538,577,87,13,2923
ap:cyclo,relation_shrinkage_mahalanobis,0.9,61.33203784856612,0.5276,0.22805555555555557,0.9774834437086093,0.21085714285714285,0.34688601645123385,738,83,17,2762
ap:cyclo,relation_shrinkage_mahalanobis,0.95,87.09823099866034,0.5276,0.1786111111111111,0.9771528998242531,0.15885714285714286,0.27328581961169823,556,87,13,2944
ap:cyclo,relation_shrinkage_mahalanobis,0.97,103.511309217527,0.5276,0.1613888888888889,0.9743589743589743,0.14114285714285715,0.24656850511604692,494,87,13,3006
ap:hos,relation_zdist,0.9,2.028043232506195,0.5037771428571428,0.16805555555555557,0.9702048417132216,0.14885714285714285,0.2581124597473371,521,84,16,2979
ap:hos,relation_zdist,0.95,4.231621425193224,0.5037771428571428,0.10472222222222222,0.9570957095709571,0.08285714285714285,0.15251117538785167,290,87,13,3210
ap:hos,relation_zdist,0.97,5.336322583465842,0.5037771428571428,0.09027777777777778,0.9518072289156626,0.06771428571428571,0.12643371565750866,237,88,12,3263
ap:hos,relation_pca_residual,0.9,0.3474821692422571,0.6517628571428571,0.3283333333333333,0.9804618117229129,0.31542857142857145,0.47730220492866415,1104,78,22,2396
ap:hos,relation_pca_residual,0.95,0.5190665079332444,0.6517628571428571,0.2061111111111111,0.9762611275964391,0.188,0.31528509822712025,658,84,16,2842
ap:hos,relation_pca_residual,0.97,0.6493280901865676,0.6517628571428571,0.16666666666666666,0.9716981132075472,0.14714285714285713,0.25558312655086846,515,85,15,2985
ap:hos,relation_shrinkage_mahalanobis,0.9,62.22639977291894,0.5265171428571429,0.19111111111111112,0.9681528662420382,0.1737142857142857,0.29457364341085274,608,80,20,2892
ap:hos,relation_shrinkage_mahalanobis,0.95,122.51319860182977,0.5265171428571429,0.1322222222222222,0.9676616915422885,0.11114285714285714,0.19938493080471553,389,87,13,3111
ap:hos,relation_shrinkage_mahalanobis,0.97,142.65243176483966,0.5265171428571429,0.11805555555555555,0.9629629629629629,0.09657142857142857,0.17553882108543234,338,87,13,3162
ap:bispectrum,relation_zdist,0.9,2.138080503266004,0.5275257142857143,0.16944444444444445,0.9722222222222222,0.15,0.25990099009900985,525,85,15,2975
ap:bispectrum,relation_zdist,0.95,3.2279953530869996,0.5275257142857143,0.10583333333333333,0.9636963696369637,0.08342857142857144,0.15356297659742307,292,89,11,3208
ap:bispectrum,relation_zdist,0.97,3.640240208592044,0.5275257142857143,0.09305555555555556,0.9571984435797666,0.07028571428571428,0.13095554964067074,246,89,11,3254
ap:bispectrum,relation_pca_residual,0.9,0.47848808639676393,0.5467228571428572,0.24194444444444443,0.9730061349693252,0.22657142857142856,0.3675550405561993,793,78,22,2707
ap:bispectrum,relation_pca_residual,0.95,0.6631064998438553,0.5467228571428572,0.1663888888888889,0.9734345351043643,0.14657142857142857,0.2547802334243854,513,86,14,2987
ap:bispectrum,relation_pca_residual,0.97,0.7543338869958574,0.5467228571428572,0.14333333333333334,0.9748858447488584,0.122,0.21686135093956324,427,89,11,3073
ap:bispectrum,relation_shrinkage_mahalanobis,0.9,63.05768007169934,0.5334628571428571,0.20444444444444446,0.9718100890207715,0.18714285714285714,0.31384762817441303,655,81,19,2845
ap:bispectrum,relation_shrinkage_mahalanobis,0.95,83.72023291275374,0.5334628571428571,0.14527777777777778,0.9710467706013363,0.12457142857142857,0.22081539630286146,436,87,13,3064
ap:bispectrum,relation_shrinkage_mahalanobis,0.97,107.34781887388878,0.5334628571428571,0.10694444444444444,0.9672131147540983,0.08428571428571428,0.15505913272010513,295,90,10,3205
fft:stft,relation_zdist,0.9,2.1833008772529463,0.5321685714285714,0.14444444444444443,0.9708520179372198,0.12371428571428572,0.21946274708565638,433,87,13,3067
fft:stft,relation_zdist,0.95,3.2016093105840935,0.5321685714285714,0.08222222222222222,0.9622641509433962,0.05828571428571429,0.10991379310344829,204,92,8,3296
fft:stft,relation_zdist,0.97,3.442977987126536,0.5321685714285714,0.07388888888888889,0.9560439560439561,0.04971428571428571,0.09451385116784355,174,92,8,3326
fft:stft,relation_pca_residual,0.9,0.4530309461659335,0.52712,0.2286111111111111,0.9775429326287979,0.21142857142857144,0.3476626732440686,740,83,17,2760
fft:stft,relation_pca_residual,0.95,0.5702334633432907,0.52712,0.16277777777777777,0.9783464566929134,0.142,0.24800399201596807,497,89,11,3003
fft:stft,relation_pca_residual,0.97,0.6715901485438088,0.52712,0.1225,0.9749303621169917,0.1,0.18139414356050793,350,91,9,3150
fft:stft,relation_shrinkage_mahalanobis,0.9,64.88128580741072,0.5357857142857143,0.17194444444444446,0.9761467889908257,0.152,0.2630407911001236,532,87,13,2968
fft:stft,relation_shrinkage_mahalanobis,0.95,77.826139710708,0.5357857142857143,0.13194444444444445,0.9770992366412213,0.10971428571428571,0.19727716414076546,384,91,9,3116
fft:stft,relation_shrinkage_mahalanobis,0.97,93.82078937685264,0.5357857142857143,0.0975,0.966542750929368,0.07428571428571429,0.1379676306712656,260,91,9,3240
fft:cepstral,relation_zdist,0.9,2.042993885948509,0.5369142857142857,0.1802777777777778,0.9893048128342246,0.15857142857142856,0.2733316917015513,555,94,6,2945
fft:cepstral,relation_zdist,0.95,3.0699247832281187,0.5369142857142857,0.11583333333333333,0.9847094801223242,0.092,0.16827802456232033,322,95,5,3178
fft:cepstral,relation_zdist,0.97,3.374519440071989,0.5369142857142857,0.10555555555555556,0.9827586206896551,0.08142857142857143,0.15039577836411608,285,95,5,3215
fft:cepstral,relation_pca_residual,0.9,0.28198462653204,0.5414114285714285,0.24305555555555555,0.9825653798256538,0.22542857142857142,0.3667208924006507,789,86,14,2711
fft:cepstral,relation_pca_residual,0.95,0.4112141404548576,0.5414114285714285,0.16472222222222221,0.9805068226120858,0.1437142857142857,0.2506852728631946,503,90,10,2997
fft:cepstral,relation_pca_residual,0.97,0.5590362103486111,0.5414114285714285,0.12444444444444444,0.9943181818181818,0.1,0.181723779854621,350,98,2,3150
fft:cepstral,relation_shrinkage_mahalanobis,0.9,57.28788408651024,0.5413742857142857,0.2152777777777778,0.987012987012987,0.19542857142857142,0.32625804912950157,684,91,9,2816
fft:cepstral,relation_shrinkage_mahalanobis,0.95,78.95982214714212,0.5413742857142857,0.15083333333333335,0.9889624724061811,0.128,0.22666329370098662,448,95,5,3052
fft:cepstral,relation_shrinkage_mahalanobis,0.97,95.91478057898046,0.5413742857142857,0.12416666666666666,0.9887323943661972,0.10028571428571428,0.1821011673151751,351,96,4,3149
fft:cyclo,relation_zdist,0.9,1.9193078112094843,0.5371171428571428,0.21027777777777779,0.9837997054491899,0.19085714285714286,0.31969370662838,668,89,11,2832
fft:cyclo,relation_zdist,0.95,3.282510351954744,0.5371171428571428,0.15583333333333332,0.9832285115303984,0.134,0.23585617299471964,469,92,8,3031
fft:cyclo,relation_zdist,0.97,4.391130629600956,0.5371171428571428,0.1322222222222222,0.9845360824742269,0.10914285714285714,0.19650205761316872,382,94,6,3118
fft:cyclo,relation_pca_residual,0.9,0.368662887948857,0.5833085714285714,0.26222222222222225,0.9773755656108597,0.24685714285714286,0.39416058394160586,864,80,20,2636
fft:cyclo,relation_pca_residual,0.95,0.49728293162403253,0.5833085714285714,0.20222222222222222,0.9860681114551083,0.182,0.3072841292812349,637,91,9,2863
fft:cyclo,relation_pca_residual,0.97,0.6339380067508343,0.5833085714285714,0.17222222222222222,0.9887218045112782,0.15028571428571427,0.2609126984126984,526,94,6,2974
fft:cyclo,relation_shrinkage_mahalanobis,0.9,55.26124647456877,0.5369342857142857,0.24027777777777778,0.9775280898876404,0.22371428571428573,0.36410137177400603,783,82,18,2717
fft:cyclo,relation_shrinkage_mahalanobis,0.95,76.17668407863455,0.5369342857142857,0.19194444444444445,0.983633387888707,0.1717142857142857,0.29238628071028944,601,90,10,2899
fft:cyclo,relation_shrinkage_mahalanobis,0.97,120.85638337739711,0.5369342857142857,0.1463888888888889,0.9841269841269841,0.124,0.22024866785079927,434,93,7,3066
fft:hos,relation_zdist,0.9,1.836151763283706,0.5121571428571429,0.1825,0.96964586846543,0.16428571428571428,0.28096750549719035,575,82,18,2925
fft:hos,relation_zdist,0.95,4.441791040094332,0.5121571428571429,0.11,0.9743589743589743,0.08685714285714285,0.15949632738719832,304,92,8,3196
fft:hos,relation_zdist,0.97,5.545217353352444,0.5121571428571429,0.0961111111111111,0.9730769230769231,0.07228571428571429,0.1345744680851064,253,93,7,3247
fft:hos,relation_pca_residual,0.9,0.3737749952386973,0.4834085714285714,0.2036111111111111,0.9675036927621861,0.18714285714285714,0.3136222169020828,655,78,22,2845
fft:hos,relation_pca_residual,0.95,0.5668441684724099,0.4834085714285714,0.155,0.9673469387755103,0.13542857142857143,0.237593984962406,474,84,16,3026
fft:hos,relation_pca_residual,0.97,0.7063659527299748,0.4834085714285714,0.135,0.9707317073170731,0.11371428571428571,0.20358056265984656,398,88,12,3102
fft:hos,relation_shrinkage_mahalanobis,0.9,63.192320871935934,0.5135314285714285,0.18722222222222223,0.9674267100977199,0.1697142857142857,0.2887700534759358,594,80,20,2906
fft:hos,relation_shrinkage_mahalanobis,0.95,113.43047406782114,0.5135314285714285,0.13083333333333333,0.9768637532133676,0.10857142857142857,0.19542298791463097,380,91,9,3120
fft:hos,relation_shrinkage_mahalanobis,0.97,140.7777790779237,0.5135314285714285,0.11777777777777777,0.9736842105263158,0.09514285714285714,0.17334721499219155,333,91,9,3167
fft:bispectrum,relation_zdist,0.9,2.221422358481048,0.54702,0.16694444444444445,0.9789674952198852,0.1462857142857143,0.25453641561024115,512,89,11,2988
fft:bispectrum,relation_zdist,0.95,2.9234226294208425,0.54702,0.11694444444444445,0.9819819819819819,0.09342857142857143,0.1706235324810853,327,94,6,3173
fft:bispectrum,relation_zdist,0.97,3.3218805778684115,0.54702,0.09972222222222223,0.9814126394052045,0.07542857142857143,0.1400902096046697,264,95,5,3236
fft:bispectrum,relation_pca_residual,0.9,0.47348429471699904,0.5622628571428572,0.23694444444444446,0.9845559845559846,0.21857142857142858,0.3577273790039748,765,88,12,2735
fft:bispectrum,relation_pca_residual,0.95,0.5808326614305768,0.5622628571428572,0.18333333333333332,0.9861111111111112,0.16228571428571428,0.2787046123650637,568,92,8,2932
fft:bispectrum,relation_pca_residual,0.97,0.7126835106939233,0.5622628571428572,0.1386111111111111,0.9830508474576272,0.116,0.2075134168157424,406,93,7,3094
fft:bispectrum,relation_shrinkage_mahalanobis,0.9,65.78878429000893,0.55426,0.19361111111111112,0.9791332263242376,0.1742857142857143,0.2959010429299054,610,87,13,2890
fft:bispectrum,relation_shrinkage_mahalanobis,0.95,80.36262711374735,0.55426,0.15055555555555555,0.9846491228070176,0.12828571428571428,0.22699696663296257,449,93,7,3051
fft:bispectrum,relation_shrinkage_mahalanobis,0.97,86.5372560679842,0.55426,0.13805555555555554,0.9853300733496333,0.11514285714285714,0.20619084164748017,403,94,6,3097
stft:cepstral,relation_zdist,0.9,1.9248469847916096,0.5318428571428572,0.16361111111111112,0.9784735812133072,0.14285714285714285,0.2493143854400399,500,89,11,3000
stft:cepstral,relation_zdist,0.95,2.752085774468812,0.5318428571428572,0.10222222222222223,0.971830985915493,0.07885714285714286,0.14587737843551796,276,92,8,3224
stft:cepstral,relation_zdist,0.97,3.1040679673093314,0.5318428571428572,0.08527777777777777,0.9769585253456221,0.060571428571428575,0.1140704869518429,212,95,5,3288
stft:cepstral,relation_pca_residual,0.9,0.41795935976776194,0.5184257142857143,0.21833333333333332,0.9803921568627451,0.2,0.33222591362126247,700,86,14,2800
stft:cepstral,relation_pca_residual,0.95,0.5407138911631737,0.5184257142857143,0.14722222222222223,0.9820627802690582,0.12514285714285714,0.22199695894576785,438,92,8,3062
stft:cepstral,relation_pca_residual,0.97,0.6235191023507749,0.5184257142857143,0.12416666666666666,0.9806094182825484,0.10114285714285715,0.1833721833721834,354,93,7,3146
stft:cepstral,relation_shrinkage_mahalanobis,0.9,55.395286736831025,0.5243971428571429,0.20305555555555554,0.9802130898021308,0.184,0.3098388260764975,644,87,13,2856
stft:cepstral,relation_shrinkage_mahalanobis,0.95,77.44824423643969,0.5243971428571429,0.12527777777777777,0.9730458221024259,0.10314285714285715,0.18651511237406354,361,90,10,3139
stft:cepstral,relation_shrinkage_mahalanobis,0.97,95.23527719874954,0.5243971428571429,0.09333333333333334,0.972,0.06942857142857142,0.1296,243,93,7,3257
stft:cyclo,relation_zdist,0.9,1.9750862437039118,0.5143771428571429,0.17444444444444446,0.9731182795698925,0.15514285714285714,0.26761951700344994,543,85,15,2957
stft:cyclo,relation_zdist,0.95,2.6715197830917403,0.5143771428571429,0.13333333333333333,0.9773869346733668,0.11114285714285714,0.19958953309389427,389,91,9,3111
stft:cyclo,relation_zdist,0.97,3.158100682702964,0.5143771428571429,0.11638888888888889,0.9761194029850746,0.09342857142857143,0.17053455019556715,327,92,8,3173
stft:cyclo,relation_pca_residual,0.9,0.38451192880513907,0.5087314285714286,0.22194444444444444,0.97165991902834,0.2057142857142857,0.33954256071681205,720,79,21,2780
stft:cyclo,relation_pca_residual,0.95,0.5545559275381532,0.5087314285714286,0.15361111111111111,0.9728601252609603,0.13314285714285715,0.2342297059562704,466,87,13,3034
stft:cyclo,relation_pca_residual,0.97,0.7577827972091135,0.5087314285714286,0.11055555555555556,0.9745222929936306,0.08742857142857142,0.16046145778710014,306,92,8,3194
stft:cyclo,relation_shrinkage_mahalanobis,0.9,59.89662618431605,0.51206,0.19694444444444445,0.973561430793157,0.17885714285714285,0.3021964759835868,626,83,17,2874
stft:cyclo,relation_shrinkage_mahalanobis,0.95,80.74473460190741,0.51206,0.14527777777777778,0.9774266365688488,0.12371428571428572,0.21962972356074054,433,90,10,3067
stft:cyclo,relation_shrinkage_mahalanobis,0.97,84.88045891011205,0.51206,0.1375,0.9759036144578314,0.11571428571428571,0.2068965517241379,405,90,10,3095
stft:hos,relation_zdist,0.9,1.9967733818501203,0.47719142857142854,0.15361111111111111,0.9650924024640657,0.13428571428571429,0.23576624028091298,470,83,17,3030
stft:hos,relation_zdist,0.95,2.8656689364811623,0.47719142857142854,0.105,0.9664429530201343,0.08228571428571428,0.15165876777251183,288,90,10,3212
stft:hos,relation_zdist,0.97,3.6891924577183834,0.47719142857142854,0.07833333333333334,0.9642857142857143,0.054,0.10227272727272728,189,93,7,3311
stft:hos,relation_pca_residual,0.9,0.398659060963573,0.4606828571428571,0.20777777777777778,0.9641833810888252,0.19228571428571428,0.3206288708909005,673,75,25,2827
stft:hos,relation_pca_residual,0.95,0.5547078299794933,0.4606828571428571,0.13972222222222222,0.9632183908045977,0.11971428571428572,0.21296060991105464,419,84,16,3081
stft:hos,relation_pca_residual,0.97,0.7945388290463204,0.4606828571428571,0.09555555555555556,0.9552238805970149,0.07314285714285715,0.1358811040339703,256,88,12,3244
stft:hos,relation_shrinkage_mahalanobis,0.9,55.821150471997264,0.48794,0.18166666666666667,0.9694915254237289,0.16342857142857142,0.27970660146699267,572,82,18,2928
stft:hos,relation_shrinkage_mahalanobis,0.95,88.312677880536,0.48794,0.11222222222222222,0.9606060606060606,0.09057142857142857,0.16553524804177544,317,87,13,3183
stft:hos,relation_shrinkage_mahalanobis,0.97,107.84259533361902,0.48794,0.09194444444444444,0.963855421686747,0.06857142857142857,0.12803414243798347,240,91,9,3260
stft:bispectrum,relation_zdist,0.9,1.8769286953449922,0.5055857142857143,0.1811111111111111,0.9758620689655172,0.16171428571428573,0.2774509803921568,566,86,14,2934
stft:bispectrum,relation_zdist,0.95,2.563322087046368,0.5055857142857143,0.11055555555555556,0.9806451612903225,0.08685714285714285,0.15958005249343832,304,94,6,3196
stft:bispectrum,relation_zdist,0.97,3.1572461591409993,0.5055857142857143,0.07611111111111112,0.978021978021978,0.05085714285714286,0.09668658337859859,178,96,4,3322
stft:bispectrum,relation_pca_residual,0.9,0.3247003161724996,0.52408,0.1786111111111111,0.9788359788359788,0.15857142857142856,0.2729284484878288,555,88,12,2945
stft:bispectrum,relation_pca_residual,0.95,0.4537866311243417,0.52408,0.10944444444444444,0.9741935483870968,0.08628571428571429,0.15853018372703415,302,92,8,3198
stft:bispectrum,relation_pca_residual,0.97,0.5665248748144901,0.52408,0.08,0.9747474747474747,0.055142857142857146,0.10438074634937805,193,95,5,3307
stft:bispectrum,relation_shrinkage_mahalanobis,0.9,53.82912437455335,0.5156457142857143,0.20305555555555554,0.975867269984917,0.18485714285714286,0.31083353350948834,647,84,16,2853
stft:bispectrum,relation_shrinkage_mahalanobis,0.95,68.98927609091746,0.5156457142857143,0.13444444444444445,0.9776119402985075,0.11228571428571428,0.20143516145566376,393,91,9,3107
stft:bispectrum,relation_shrinkage_mahalanobis,0.97,79.72584935125121,0.5156457142857143,0.10472222222222222,0.9792387543252595,0.08085714285714286,0.14937978358405912,283,94,6,3217
cepstral:cyclo,relation_zdist,0.9,2.0379630498138526,0.52882,0.18888888888888888,0.9801324503311258,0.16914285714285715,0.28849902534113064,592,88,12,2908
cepstral:cyclo,relation_zdist,0.95,2.8607579941080012,0.52882,0.14555555555555555,0.9796380090497737,0.12371428571428572,0.21968543886352104,433,91,9,3067
cepstral:cyclo,relation_zdist,0.97,3.3473120761683304,0.52882,0.1313888888888889,0.9819121447028424,0.10857142857142857,0.19552354000514535,380,93,7,3120
cepstral:cyclo,relation_pca_residual,0.9,0.29604133467187155,0.5581971428571428,0.22555555555555556,0.9797843665768194,0.2077142857142857,0.34276284771334276,727,85,15,2773
cepstral:cyclo,relation_pca_residual,0.95,0.41501341656787805,0.5581971428571428,0.17083333333333334,0.9813084112149533,0.15,0.26022304832713755,525,90,10,2975
cepstral:cyclo,relation_pca_residual,0.97,0.5719782602519914,0.5581971428571428,0.13777777777777778,0.9805825242718447,0.11542857142857142,0.2065439672801636,404,92,8,3096
cepstral:cyclo,relation_shrinkage_mahalanobis,0.9,59.089308062217334,0.5237085714285714,0.21138888888888888,0.9810771470160117,0.19257142857142856,0.32194888941963223,674,87,13,2826
cepstral:cyclo,relation_shrinkage_mahalanobis,0.95,81.17543817019941,0.5237085714285714,0.16333333333333333,0.9822134387351779,0.142,0.24812780828756864,497,91,9,3003
cepstral:cyclo,relation_shrinkage_mahalanobis,0.97,94.85816506563562,0.5237085714285714,0.1436111111111111,0.9815242494226328,0.12142857142857143,0.21612001017035343,425,92,8,3075
cepstral:hos,relation_zdist,0.9,1.8273151558838727,0.5193571428571429,0.1738888888888889,0.9713261648745519,0.15485714285714286,0.26712666338097585,542,84,16,2958
cepstral:hos,relation_zdist,0.95,2.90650816166343,0.5193571428571429,0.12555555555555556,0.9705882352941176,0.10371428571428572,0.18740320082601963,363,89,11,3137
cepstral:hos,relation_zdist,0.97,4.623792625729599,0.5193571428571429,0.08444444444444445,0.9766355140186916,0.05971428571428571,0.11254711900915455,209,95,5,3291
cepstral:hos,relation_pca_residual,0.9,0.3580555930117698,0.48936,0.20194444444444445,0.9714285714285714,0.18457142857142858,0.31020408163265306,646,81,19,2854
cepstral:hos,relation_pca_residual,0.95,0.5221579086584902,0.48936,0.15805555555555556,0.9737373737373738,0.1377142857142857,0.24130162703379227,482,87,13,3018
cepstral:hos,relation_pca_residual,0.97,0.680639169551158,0.48936,0.1288888888888889,0.9715025906735751,0.10714285714285714,0.1930005146680391,375,89,11,3125
cepstral:hos,relation_shrinkage_mahalanobis,0.9,56.236941526974846,0.5134857142857143,0.19527777777777777,0.9703588143525741,0.1777142857142857,0.3004105288577638,622,81,19,2878
cepstral:hos,relation_shrinkage_mahalanobis,0.95,84.72331210069865,0.5134857142857143,0.15138888888888888,0.9744136460554371,0.13057142857142856,0.23028470647518265,457,88,12,3043
cepstral:hos,relation_shrinkage_mahalanobis,0.97,144.47910533892826,0.5134857142857143,0.1,0.9779411764705882,0.076,0.14103923647932132,266,94,6,3234
cepstral:bispectrum,relation_zdist,0.9,1.903630303959538,0.56182,0.18777777777777777,0.9832214765100671,0.16742857142857143,0.28613281249999994,586,90,10,2914
cepstral:bispectrum,relation_zdist,0.95,2.4232037647666993,0.56182,0.12611111111111112,0.9809782608695652,0.10314285714285715,0.18665977249224405,361,93,7,3139
cepstral:bispectrum,relation_zdist,0.97,2.7296705545774023,0.56182,0.10472222222222222,0.9792387543252595,0.08085714285714286,0.14937978358405912,283,94,6,3217
cepstral:bispectrum,relation_pca_residual,0.9,0.4299007145127008,0.6119485714285714,0.25055555555555553,0.9890243902439024,0.2317142857142857,0.37546296296296294,811,91,9,2689
cepstral:bispectrum,relation_pca_residual,0.95,0.5676557648619301,0.6119485714285714,0.1675,0.9941060903732809,0.14457142857142857,0.2524320279371415,506,97,3,2994
cepstral:bispectrum,relation_pca_residual,0.97,0.6738899353931163,0.6119485714285714,0.13194444444444445,0.9947229551451188,0.10771428571428572,0.19437999484403198,377,98,2,3123
cepstral:bispectrum,relation_shrinkage_mahalanobis,0.9,54.09666820028808,0.5822314285714286,0.26,0.986046511627907,0.2422857142857143,0.3889908256880734,848,88,12,2652
cepstral:bispectrum,relation_shrinkage_mahalanobis,0.95,69.58065978861357,0.5822314285714286,0.1738888888888889,0.987037037037037,0.15228571428571427,0.2638613861386139,533,93,7,2967
cepstral:bispectrum,relation_shrinkage_mahalanobis,0.97,81.42420810566412,0.5822314285714286,0.13527777777777777,0.9898734177215189,0.11171428571428571,0.20077021822849808,391,96,4,3109
cyclo:hos,relation_zdist,0.9,1.691882825280563,0.5075971428571429,0.1825,0.9744463373083475,0.16342857142857142,0.27991191583068264,572,85,15,2928
cyclo:hos,relation_zdist,0.95,2.8185242160938255,0.5075971428571429,0.1438888888888889,0.9815668202764977,0.12171428571428572,0.21657346212506354,426,92,8,3074
cyclo:hos,relation_zdist,0.97,5.187551422323703,0.5075971428571429,0.1125,0.9810725552050473,0.08885714285714286,0.16295520041917738,311,94,6,3189
cyclo:hos,relation_pca_residual,0.9,0.28729385155555115,0.5418342857142857,0.22583333333333333,0.9709379128137384,0.21,0.3453136011275546,735,78,22,2765
cyclo:hos,relation_pca_residual,0.95,0.4366885442914159,0.5418342857142857,0.17833333333333334,0.977112676056338,0.15857142857142856,0.27286135693215335,555,87,13,2945
cyclo:hos,relation_pca_residual,0.97,0.5431441626456894,0.5418342857142857,0.15555555555555556,0.9752066115702479,0.13485714285714287,0.23694779116465867,472,88,12,3028
cyclo:hos,relation_shrinkage_mahalanobis,0.9,55.858214670229124,0.5165485714285715,0.2025,0.9743589743589743,0.18457142857142858,0.310353110737449,646,83,17,2854
cyclo:hos,relation_shrinkage_mahalanobis,0.95,91.26583297300988,0.5165485714285715,0.15694444444444444,0.9774127310061602,0.136,0.23877602207173312,476,89,11,3024
cyclo:hos,relation_shrinkage_mahalanobis,0.97,150.96986592812215,0.5165485714285715,0.12305555555555556,0.9777158774373259,0.10028571428571428,0.18191241254210935,351,92,8,3149
cyclo:bispectrum,relation_zdist,0.9,1.7082290253548922,0.5286228571428572,0.22,0.9752747252747253,0.20285714285714285,0.33585619678334905,710,82,18,2790
cyclo:bispectrum,relation_zdist,0.95,2.2912271408997458,0.5286228571428572,0.16277777777777777,0.9783464566929134,0.142,0.24800399201596807,497,89,11,3003
cyclo:bispectrum,relation_zdist,0.97,3.1862444803788814,0.5286228571428572,0.11555555555555555,0.9759036144578314,0.09257142857142857,0.16910229645093944,324,92,8,3176
cyclo:bispectrum,relation_pca_residual,0.9,0.4616429679939069,0.55026,0.2288888888888889,0.9750656167979003,0.21228571428571427,0.348662599718442,743,81,19,2757
cyclo:bispectrum,relation_pca_residual,0.95,0.6103694964134414,0.55026,0.16805555555555557,0.9791271347248577,0.14742857142857144,0.2562701763099081,516,89,11,2984
cyclo:bispectrum,relation_pca_residual,0.97,0.7124506351607827,0.55026,0.14444444444444443,0.981651376146789,0.12228571428571429,0.21747967479674798,428,92,8,3072
cyclo:bispectrum,relation_shrinkage_mahalanobis,0.9,56.21944410106442,0.5362828571428572,0.2361111111111111,0.9734848484848485,0.22028571428571428,0.35927306616961785,771,79,21,2729
cyclo:bispectrum,relation_shrinkage_mahalanobis,0.95,72.4462979492274,0.5362828571428572,0.18305555555555555,0.9827288428324698,0.16257142857142856,0.2789899485167933,569,90,10,2931
cyclo:bispectrum,relation_shrinkage_mahalanobis,0.97,85.12927208733397,0.5362828571428572,0.15222222222222223,0.98068669527897,0.13057142857142856,0.2304589006555723,457,91,9,3043
hos:bispectrum,relation_zdist,0.9,1.8078681917312283,0.5237457142857143,0.1938888888888889,0.9671875,0.17685714285714285,0.2990338164251208,619,79,21,2881
hos:bispectrum,relation_zdist,0.95,2.5520070613585792,0.5237457142857143,0.1297222222222222,0.9645569620253165,0.10885714285714286,0.19563543003851094,381,86,14,3119
hos:bispectrum,relation_zdist,0.97,4.011999376438543,0.5237457142857143,0.07222222222222222,0.9651162790697675,0.04742857142857143,0.09041394335511983,166,94,6,3334
hos:bispectrum,relation_pca_residual,0.9,0.37930229525595927,0.5075085714285714,0.21944444444444444,0.9662162162162162,0.2042857142857143,0.3372641509433963,715,75,25,2785
hos:bispectrum,relation_pca_residual,0.95,0.4994092980238075,0.5075085714285714,0.16666666666666666,0.9734848484848485,0.14685714285714285,0.2552135054617676,514,86,14,2986
hos:bispectrum,relation_pca_residual,0.97,0.6337614339809491,0.5075085714285714,0.1288888888888889,0.9715025906735751,0.10714285714285714,0.1930005146680391,375,89,11,3125
hos:bispectrum,relation_shrinkage_mahalanobis,0.9,54.71925986578741,0.5258885714285715,0.22111111111111112,0.967741935483871,0.2057142857142857,0.3393025447690857,720,76,24,2780
hos:bispectrum,relation_shrinkage_mahalanobis,0.95,80.85450911200157,0.5258885714285715,0.14666666666666667,0.9692982456140351,0.12628571428571428,0.22345803842264914,442,86,14,3058
hos:bispectrum,relation_shrinkage_mahalanobis,0.97,107.76215665770478,0.5258885714285715,0.10166666666666667,0.9586206896551724,0.07942857142857143,0.1467018469656992,278,88,12,3222
