representation,method,threshold_quantile,threshold,auc,accuracy,precision,recall,f1,tp,tn,fp,fn
iq,zdist,0.9,1.7449565152975337,0.46949714285714284,0.18388888888888888,0.9746621621621622,0.16485714285714287,0.2820136852394917,577,85,15,2923
iq,zdist,0.95,2.3165442531472182,0.46949714285714284,0.14805555555555555,0.9843400447427293,0.12571428571428572,0.22295414238662278,440,93,7,3060
iq,zdist,0.97,2.839568142222611,0.46949714285714284,0.11777777777777777,0.9850299401197605,0.094,0.17162232655190401,329,95,5,3171
iq,pca_residual,0.9,0.040989050875074755,0.49054857142857144,0.21222222222222223,0.9702549575070821,0.1957142857142857,0.3257251545411317,685,79,21,2815
iq,pca_residual,0.95,0.06292530691260388,0.49054857142857144,0.1761111111111111,0.9667832167832168,0.158,0.27161100196463656,553,81,19,2947
iq,pca_residual,0.97,0.08635738021334186,0.49054857142857144,0.14583333333333334,0.9690949227373068,0.12542857142857142,0.22210979003288642,439,86,14,3061
iq,shrinkage_mahalanobis,0.9,57.99324124123005,0.4762,0.19583333333333333,0.9689922480620154,0.17857142857142858,0.30156815440289503,625,80,20,2875
iq,shrinkage_mahalanobis,0.95,84.3628626820307,0.4762,0.16,0.9817813765182186,0.13857142857142857,0.242864296444667,485,91,9,3015
iq,shrinkage_mahalanobis,0.97,112.64356702398175,0.4762,0.125,0.9834254143646409,0.10171428571428572,0.184360435007768,356,94,6,3144
ap,zdist,0.9,2.5002230381320514,0.49578,0.13722222222222222,0.9624413145539906,0.11714285714285715,0.2088639836984208,410,84,16,3090
ap,zdist,0.95,3.9959959074112428,0.49578,0.09583333333333334,0.9622641509433962,0.07285714285714286,0.13545816733067725,255,90,10,3245
ap,zdist,0.97,6.050432484891079,0.49578,0.07111111111111111,0.975609756097561,0.045714285714285714,0.08733624454148471,160,96,4,3340
ap,pca_residual,0.9,0.029092866965176573,0.55876,0.23916666666666667,0.9810366624525917,0.22171428571428572,0.36168725238872057,776,85,15,2724
ap,pca_residual,0.95,0.039059783342522574,0.55876,0.17583333333333334,0.9854280510018215,0.15457142857142858,0.2672264756730057,541,92,8,2959
ap,pca_residual,0.97,0.04618935212920518,0.55876,0.14472222222222222,0.9839080459770115,0.12228571428571429,0.21753494282083863,428,93,7,3072
ap,shrinkage_mahalanobis,0.9,44.84222516057685,0.5490857142857143,0.18416666666666667,0.966832504145937,0.16657142857142856,0.28418230563002683,583,80,20,2917
ap,shrinkage_mahalanobis,0.95,61.330845681684536,0.5490857142857143,0.13194444444444445,0.9722921914357683,0.11028571428571429,0.19810110341288173,386,89,11,3114
ap,shrinkage_mahalanobis,0.97,74.59569967689372,0.5490857142857143,0.10333333333333333,0.9689655172413794,0.08028571428571428,0.14828496042216358,281,91,9,3219
fft,zdist,0.9,2.443017911131731,0.5308714285714285,0.14194444444444446,0.963882618510158,0.122,0.2165863555668273,427,84,16,3073
fft,zdist,0.95,2.820865411824624,0.5308714285714285,0.09888888888888889,0.9776119402985075,0.07485714285714286,0.13906581740976645,262,94,6,3238
fft,zdist,0.97,3.2666685939120614,0.5308714285714285,0.06972222222222223,0.9631901840490797,0.04485714285714286,0.08572208572208573,157,94,6,3343
fft,pca_residual,0.9,0.017844971660956405,0.5796828571428572,0.28805555555555556,0.9795291709314228,0.2734285714285714,0.42751842751842745,957,80,20,2543
fft,pca_residual,0.95,0.021495807480805658,0.5796828571428572,0.22277777777777777,0.975609756097561,0.2057142857142857,0.33978291647003306,720,82,18,2780
fft,pca_residual,0.97,0.028977173837394843,0.5796828571428572,0.15777777777777777,0.9875,0.13542857142857143,0.23819095477386934,474,94,6,3026
fft,shrinkage_mahalanobis,0.9,49.10370321974699,0.5661628571428572,0.24,0.9775,0.22342857142857142,0.3637209302325582,782,82,18,2718
fft,shrinkage_mahalanobis,0.95,64.4944437147885,0.5661628571428572,0.16972222222222222,0.9829867674858223,0.14857142857142858,0.2581285678828493,520,91,9,2980
fft,shrinkage_mahalanobis,0.97,70.6430551797449,0.5661628571428572,0.15916666666666668,0.983640081799591,0.13742857142857143,0.2411631987966909,481,92,8,3019
stft,zdist,0.9,1.8206217539366136,0.48149142857142857,0.16833333333333333,0.9720149253731343,0.14885714285714285,0.2581764122893954,521,85,15,2979
stft,zdist,0.95,2.4277337971311836,0.48149142857142857,0.08777777777777777,0.9736842105263158,0.06342857142857143,0.11909871244635192,222,94,6,3278
stft,zdist,0.97,2.6359309788939895,0.48149142857142857,0.07388888888888889,0.9715909090909091,0.048857142857142856,0.09303590859630033,171,95,5,3329
stft,pca_residual,0.9,0.20928780206903136,0.5221114285714286,0.19305555555555556,0.9790660225442834,0.1737142857142857,0.2950740111623392,608,87,13,2892
stft,pca_residual,0.95,0.2540629906727557,0.5221114285714286,0.13527777777777777,0.9801488833746899,0.11285714285714285,0.20240840379195493,395,92,8,3105
stft,pca_residual,0.97,0.31477210095821034,0.5221114285714286,0.08722222222222223,0.9819819819819819,0.062285714285714285,0.11714132186996239,218,96,4,3282
stft,shrinkage_mahalanobis,0.9,174.19046834095926,0.5178171428571429,0.3647222222222222,0.9749412685982772,0.3557142857142857,0.5212476449654595,1245,68,32,2255
stft,shrinkage_mahalanobis,0.95,190.26689990131976,0.5178171428571429,0.31777777777777777,0.9771480804387569,0.30542857142857144,0.46538963865912064,1069,75,25,2431
stft,shrinkage_mahalanobis,0.97,214.0240720725628,0.5178171428571429,0.2563888888888889,0.9790454016298021,0.2402857142857143,0.38586831842165636,841,82,18,2659
cepstral,zdist,0.9,1.987391352869716,0.5229228571428571,0.1461111111111111,0.9691629955947136,0.12571428571428572,0.22255943348507842,440,86,14,3060
cepstral,zdist,0.95,3.0905001233763336,0.5229228571428571,0.10138888888888889,0.9715302491103203,0.078,0.14440624173499075,273,92,8,3227
cepstral,zdist,0.97,3.74694726767721,0.5229228571428571,0.08555555555555555,0.985981308411215,0.06028571428571428,0.11362412493268713,211,97,3,3289
cepstral,pca_residual,0.9,0.20056301095761062,0.5543457142857143,0.22444444444444445,0.9745308310991957,0.2077142857142857,0.3424399434762129,727,81,19,2773
cepstral,pca_residual,0.95,0.23576138111912145,0.5543457142857143,0.16583333333333333,0.9751434034416826,0.1457142857142857,0.2535421327367636,510,87,13,2990
cepstral,pca_residual,0.97,0.24884499448802155,0.5543457142857143,0.1525,0.9807280513918629,0.13085714285714287,0.23090496596924626,458,91,9,3042
cepstral,shrinkage_mahalanobis,0.9,65.84139203328213,0.5687171428571428,0.25194444444444447,0.9786476868327402,0.2357142857142857,0.3799217131015427,825,82,18,2675
cepstral,shrinkage_mahalanobis,0.95,79.51846222989924,0.5687171428571428,0.1825,0.9777015437392796,0.16285714285714287,0.2792064658339456,570,87,13,2930
cepstral,shrinkage_mahalanobis,0.97,83.2153631647323,0.5687171428571428,0.16666666666666666,0.9770992366412213,0.1462857142857143,0.25447316103379725,512,88,12,2988
cyclo,zdist,0.9,2.740198256962832,0.48633714285714286,0.14972222222222223,0.9640591966173362,0.13028571428571428,0.2295494588472187,456,83,17,3044
cyclo,zdist,0.95,4.01118638992748,0.48633714285714286,0.12305555555555556,0.9673024523160763,0.10142857142857142,0.18360486164985776,355,88,12,3145
cyclo,zdist,0.97,5.196578163434507,0.48633714285714286,0.10222222222222223,0.9785714285714285,0.07828571428571429,0.14497354497354498,274,94,6,3226
cyclo,pca_residual,0.9,0.11921099738403299,0.5802114285714286,0.24305555555555555,0.9837702871410736,0.22514285714285714,0.36642641246221813,788,87,13,2712
cyclo,pca_residual,0.95,0.16587423148795444,0.5802114285714286,0.16583333333333333,0.9806576402321083,0.14485714285714285,0.2524271844660194,507,90,10,2993
cyclo,pca_residual,0.97,0.19800279160495482,0.5802114285714286,0.13972222222222222,0.9809069212410502,0.11742857142857142,0.20974738453687164,411,92,8,3089
cyclo,shrinkage_mahalanobis,0.9,63.26253505032218,0.5236485714285715,0.23055555555555557,0.9777486910994765,0.21342857142857144,0.350375234521576,747,83,17,2753
cyclo,shrinkage_mahalanobis,0.95,87.39347646358122,0.5236485714285715,0.175,0.980072463768116,0.15457142857142858,0.26702862783810466,541,89,11,2959
cyclo,shrinkage_mahalanobis,0.97,102.7212564919039,0.5236485714285715,0.15833333333333333,0.9815573770491803,0.13685714285714284,0.24022066198595785,479,91,9,3021
hos,zdist,0.9,1.6387548443483007,0.49510571428571426,0.14666666666666667,0.9652173913043478,0.12685714285714286,0.22424242424242427,444,84,16,3056
hos,zdist,0.95,2.7362641946568775,0.49510571428571426,0.10361111111111111,0.9595959595959596,0.08142857142857143,0.15011851461680276,285,88,12,3215
hos,zdist,0.97,3.671048561265576,0.49510571428571426,0.08555555555555555,0.9601769911504425,0.062,0.11647879763821792,217,91,9,3283
hos,pca_residual,0.9,0.10680907221337277,0.5157742857142857,0.1686111111111111,0.9668508287292817,0.15,0.25970813752164235,525,82,18,2975
hos,pca_residual,0.95,0.17846074079411806,0.5157742857142857,0.1063888888888889,0.9796610169491525,0.08257142857142857,0.1523056653491436,289,94,6,3211
hos,pca_residual,0.97,0.22272752966016474,0.5157742857142857,0.08972222222222222,0.9744680851063829,0.06542857142857143,0.12262382864792506,229,94,6,3271
hos,shrinkage_mahalanobis,0.9,75.3951126421919,0.5329857142857143,0.17972222222222223,0.9675213675213675,0.16171428571428573,0.2771113831089351,566,81,19,2934
hos,shrinkage_mahalanobis,0.95,112.73492229828237,0.5329857142857143,0.12361111111111112,0.967479674796748,0.102,0.18454380976996637,357,88,12,3143
hos,shrinkage_mahalanobis,0.97,165.90601168652802,0.5329857142857143,0.08666666666666667,0.9774774774774775,0.062,0.11660397635679741,217,95,5,3283
bispectrum,zdist,0.9,1.901193206877076,0.5144971428571429,0.1913888888888889,0.9788617886178862,0.172,0.29258809234507893,602,87,13,2898
bispectrum,zdist,0.95,2.4652457802248056,0.5144971428571429,0.11694444444444445,0.9762611275964391,0.094,0.1714881417774303,329,92,8,3171
bispectrum,zdist,0.97,3.186017295351171,0.5144971428571429,0.07,0.975,0.044571428571428574,0.08524590163934427,156,96,4,3344
bispectrum,pca_residual,0.9,0.2453674786626345,0.5207057142857143,0.3022222222222222,0.9768339768339769,0.28914285714285715,0.44620811287477957,1012,76,24,2488
bispectrum,pca_residual,0.95,0.2696275647538829,0.5207057142857143,0.20916666666666667,0.9780380673499268,0.19085714285714286,0.3193879990437485,668,85,15,2832
bispectrum,pca_residual,0.97,0.28482572036473097,0.5207057142857143,0.1663888888888889,0.9788867562380038,0.1457142857142857,0.25366824173091274,510,89,11,2990
bispectrum,shrinkage_mahalanobis,0.9,137.59554303393654,0.5237971428571429,0.5325,0.9734236581552892,0.5337142857142857,0.6894260933751615,1868,49,51,1632
bispectrum,shrinkage_mahalanobis,0.95,150.0825283284408,0.5237971428571429,0.43805555555555553,0.9755312298776562,0.4328571428571429,0.5996437759746686,1515,62,38,1985
bispectrum,shrinkage_mahalanobis,0.97,156.64494562035776,0.5237971428571429,0.3963888888888889,0.9756272401433692,0.38885714285714285,0.5560776302349336,1361,66,34,2139
